"CRUISEJOIN","REGION","VESSEL","CRUISE","START_DATE","END_DATE","MIN_LATITUDE","MAX_LATITUDE","MIN_LONGITUDE","MAX_LONGITUDE","AGENCY_NAME","SURVEY_NAME","AUDITJOIN"
87,"BS",11,197902,14-JUL-79,28-AUG-79,56.91167,61.83833,-171.02833,-178.825,"USA","SHRMP",79
88,"BS",12,197902,07-JUL-79,22-AUG-79,54.33333,61.46667,-162.71667,-179.36667,"USA","USJPN COOP",80
89,"BS",14,197104,23-JUL-71,31-AUG-71,54.66667,58.68333,-160.3,-170.25,"USA","CRAB/GRFSH",81
90,"BS",14,197202,28-MAY-72,24-JUL-72,54.63333,58.66667,-159.6,-168.86667,"USA","CRAB/GRFSH",82
91,"BS",14,197304,09-JUL-73,12-AUG-73,54.65,58,-158.96667,-165.83333,"USA","CRAB/GRFSH",83
92,"BS",14,197402,14-JUN-74,01-AUG-74,54.63333,57.66667,-161.58333,-172.53333,"USA","CRAB/GRFSH",84
93,"BS",14,197502,01-JUN-75,10-AUG-75,54.66667,58.01667,-158.33333,-172.66667,"USA","CRAB/GRFSH",85
94,"BS",14,197602,29-MAY-76,09-AUG-76,54.66667,58.33333,-158.35,-172.56667,"USA","CRAB/GRFSH",86
95,"BS",14,197700,25-MAY-77,01-JUN-77,55.4,55.66667,-163.53333,-163.9,"USA","COMP TOWS",87
96,"BS",14,197703,04-JUN-77,05-AUG-77,54.66667,58.68333,-158.31667,-172.98333,"USA","CRAB/GRFSH",88
97,"BS",14,197802,20-MAY-78,07-JUL-78,54.53333,57.66667,-159.05,-170.85,"USA","CRAB/GRFSH",89
98,"BS",14,197902,25-MAY-79,24-AUG-79,54.98333,58,-158.95,-172.41667,"USA","USJPN COOP",90
99,"BS",14,198002,22-MAY-80,09-JUL-80,54.67167,59.6735,-162.7045,-177.60217,"USA","CRAB/GRFSH",91
100,"BS",16,197303,26-JUN-73,18-JUL-73,54.66667,57.66667,-164.58333,-171.53333,"USA","CRAB/GRFSH",92
101,"BS",17,197403,23-JUN-74,24-JUL-74,54.61667,58.71667,-158.26667,-171.56667,"USA","CRAB/GRFSH",93
102,"BS",17,197501,07-AUG-75,30-SEP-75,54.61667,61.68333,-158.06667,-178.48333,"USA","EBS SURVEY",94
103,"BS",17,197601,21-APR-76,13-JUN-76,54.51667,59.15,-158.1,-175.76667,"USA","CRAB/GRFSH",95
104,"BS",19,197501,07-AUG-75,30-SEP-75,54.61667,61.88333,-158.01667,-178.75,"USA","EBS SURVEY",96
105,"BS",19,197601,21-APR-76,20-JUN-76,54.85,59.83333,-159.15,-174.73333,"USA","CRAB/GRFSH",97
106,"BS",19,198201,31-MAY-82,01-AUG-82,55.01017,62.62717,-158.92433,-177.58383,"USA","CRAB/GRFSH",98
107,"BS",19,198701,03-JUN-87,07-AUG-87,54.51317,61.8555,-160.14483,-178.75183,"USA","CRAB/GRFSH",99
108,"BS",20,197701,10-JUL-77,08-AUG-77,53.93333,58.75,-157.8,-166.63333,"USA","NMFS CLAM",100
109,"BS",21,197501,18-AUG-75,20-OCT-75,54.61667,60.38333,-159.61667,-171.93333,"USA","EBS SURVEY",101
110,"BS",21,197601,01-APR-76,31-MAY-76,54.6,58.76667,-159.86667,-174.55,"USA","CRAB/GRFSH",102
111,"BS",21,197602,02-SEP-76,09-OCT-76,63.06667,68.3,-161.25,-171.85,"USA","CHUKCHI/NS",103
112,"BS",21,197603,03-SEP-76,09-OCT-76,63.06667,68.18333,-161.3,-169.2,"USA","CHK. GLNET",104
113,"HBS",21,197800,11-FEB-78,09-MAR-78,54.58333,59.95,-165.76667,-177.2,"USA","H/A HERRNG",105
114,"BS",21,197902,26-JUL-79,05-AUG-79,63.16667,64.76667,-161.53333,-169.58333,"USA","CHUKCHI/NS",106
117,"BS",21,198101,11-FEB-81,24-FEB-81,54.11633,57.01167,-164.176,-170.10483,"USA","GRFSH",107
118,"BS",21,198105,21-SEP-81,06-OCT-81,55.67467,63.078,-160.85583,-174.2085,"USA","HERRING",108
119,"BS",21,198106,14-OCT-81,04-NOV-81,53.79167,57.40333,-163.424,-170.673,"USA","NMML/GRFSH",109
120,"BS",21,198202,01-SEP-82,15-SEP-82,56.50217,64.504,-161.491,-174.7405,"USA","NORTNSOUND",110
121,"BS",21,198203,24-SEP-82,08-OCT-82,54.24533,57.4,-163.43583,-170.79783,"USA","NMML/GRFSH",111
122,"BS",21,198301,12-FEB-83,24-FEB-83,53.7195,57.66133,-159.67517,-170.157,"USA","CRAB/GRFSH",112
123,"HBS",21,198404,31-JUL-84,19-AUG-84,54.80767,60.617,-159.28083,-178.79267,"USA","JUV PLK",113
124,"BS",21,198406,28-AUG-84,07-SEP-84,57.0345,58.19417,-161.971,-164.6475,"USA","INNERFRONT",114
125,"BS",21,198501,23-JAN-85,14-FEB-85,54.984,57.98933,-159.56967,-165.21367,"USA","CRAB/GRFSH",115
126,"BS",21,198504,05-AUG-85,22-AUG-85,55.87883,58.07383,-169.49667,-172.93867,"USA","REFM/NMML",116
127,"HBS",21,198801,07-JAN-88,02-MAR-88,47.90867,56.081,-122.32833,179.25867,"USA","HY/AC POLL",117
128,"BS",21,198808,16-AUG-88,22-SEP-88,54.23833,64.6755,-161.5305,-178.96917,"USA","TRIENGRFSH",118
129,"HBS",21,198901,21-JAN-89,06-MAR-89,53.23083,58.79917,-163.88783,-177.4375,"USA","HY/AC POLL",119
130,"HBS",21,199101,11-FEB-91,15-MAR-91,53.02783,58.06817,-153.623,-170.64617,"USA","HY/AC POLL",120
131,"HBS",21,199202,22-FEB-92,09-MAR-92,53.04617,56.03467,-155.85483,-169.33767,"USA","HYAC POLL",121
132,"HBS",21,199301,12-FEB-93,12-MAR-93,52.02667,61.086,-163.72667,163.4165,"USA","HYAC  POLL",122
133,"HBS",21,199402,28-FEB-94,08-MAR-94,53.0515,54.37167,-165.86283,-169.3165,"USA","HY/AC POLL",123
134,"HBS",21,199407,09-JUL-94,12-SEP-94,52.24867,62.48617,-161.61183,161.927,"USA","HY/AC POLL",124
135,"BS",21,199110,31-AUG-91,25-SEP-91,54.20717,59.8615,-165.81467,-178.8305,"USA","EBS  TRIEN",125
136,"HBS",23,198201,11-JUN-82,01-AUG-82,52.81333,62.30167,-163.83833,179.94333,"USA","HY/AC POLL",126
137,"BS",26,197701,02-AUG-77,31-AUG-77,55.08333,58.25,-159.08333,-171.63333,"USA","ICHTHPLKTN",127
138,"BS",27,197801,18-JUN-78,06-JUL-78,55,60.25,-163.06667,-175.26667,"USA","SHRIMP/PLK",128
139,"BS",28,197801,18-JUN-78,16-AUG-78,54.9,61,-158.95,-178.25,"USA","CRAB/GRFSH",129
140,"BS",28,197901,22-MAY-79,19-AUG-79,54.81667,63.65,-157.98333,-178.58333,"USA","USJPN COOP",130
141,"BS",29,197801,04-JUL-78,08-AUG-78,55.941,57.7805,-158.066,-161.78633,"USA","NMFS CLAM",131
142,"BS",31,198001,12-MAY-80,30-JUL-80,54.984,61.66317,-158.29733,-178.71867,"USA","CRAB/GRFSH",132
143,"BS",37,198101,22-MAY-81,20-JUL-81,54.67617,59.66767,-158.35633,-170.6065,"USA","CRAB/GRFSH",133
144,"BS",37,198301,07-JUN-83,06-AUG-83,54.68,60.99033,-158.325,-177.55533,"USA","CRAB/GRFSH",134
145,"BS",37,198401,10-JUN-84,10-AUG-84,54.68967,60.99683,-158.96633,-174.12667,"USA","CRAB/GRFSH",135
146,"BS",37,198501,08-JUN-85,07-AUG-85,54.707,60.992,-158.32917,-174.75533,"USA","CRAB/GRFSH",136
147,"BS",37,198601,04-JUN-86,11-JUL-86,54.79883,61.01183,-158.31233,-173.01117,"USA","CRAB/GRFSH",137
148,"BS",37,198701,27-MAY-87,30-JUL-87,54.80233,61.66433,-158.3215,-178.724,"USA","CRAB/GRFSH",138
149,"BS",37,198801,04-JUN-88,06-AUG-88,54.8465,62.00033,-158.3265,-176.96583,"USA","CRAB/GRFSH",139
150,"BS",37,198901,06-JUN-89,14-AUG-89,54.70967,61.67383,-158.30767,-178.25717,"USA","CRAB/GRFSH",140
151,"BS",37,199001,04-JUN-90,06-AUG-90,54.68,61.96633,-158.78583,-178.09917,"USA","CRAB/GRFSH",141
152,"BS",37,199101,20-JUN-91,13-AUG-91,54.74267,63.31917,-162.692,-178.14967,"USA","CRAB/GRFSH",142
153,"BS",37,199201,06-JUN-92,03-AUG-92,54.99567,62.01117,-158.9685,-178.198,"USA","CRAB/GRFSH",143
154,"BS",38,196402,13-AUG-64,04-SEP-64,54.8,58.65,-157.88333,-170.13333,"USA","EXPL KODK",144
155,"HBS",57,198501,04-JUN-85,22-AUG-85,52.7235,61.71833,-159.17117,-178.0455,"USA","HYD/AC PLK",145
156,"BS",57,198602,03-JUN-86,06-AUG-86,54.69967,61.0065,-158.9725,-178.1545,"USA","CRAB/GRFSH",146
157,"BS",60,198501,03-JUL-85,10-SEP-85,54.47267,61.6635,-165.7275,-178.25,"USA","CRAB/GRFSH",147
158,"BS",78,198801,03-JUN-88,06-AUG-88,54.70817,61.91683,-159.0145,-178.16183,"USA","CRAB/GRFSH",148
159,"BS",78,198901,04-JUN-89,14-AUG-89,55.01233,62.00017,-158.99367,-178.74067,"USA","CRAB/GRFSH",149
160,"BS",78,199001,04-JUN-90,06-AUG-90,54.786,62.01917,-158.27917,-177.548,"USA","CRAB/GRFSH",150
161,"BS",78,199002,16-AUG-90,16-SEP-90,68.39033,72.07583,-160.421,-168.83683,"USA","CHUKCHI GF",151
162,"BS",78,199101,07-JUN-91,07-AUG-91,54.82467,62.653,-158.313,-175.81267,"USA","CRAB/GRFSH",152
163,"HBS",79,198801,23-JUN-88,28-JUL-88,54.9455,61.00633,-163.095,-177.63067,"USA","HYD/AC PLK",153
164,"HBS",84,199101,30-JUN-91,29-AUG-91,54.641,61.925,-163.405,-178.14667,"USA","BS   HY/AC",154
165,"BS",87,199201,05-JUN-92,03-AUG-92,54.68367,61.34817,-158.31033,-177.599,"USA","CRAB/GRFSH",155
166,"BS",88,199301,04-JUN-93,26-JUL-93,54.665,62.00567,-158.3215,-178.23267,"USA","CRAB/GRFSH",156
167,"BS",89,199301,06-JUN-93,26-JUL-93,54.78067,61.98617,-159.53517,-176.91783,"USA","CRAB/GRFSH",157
168,"BS",501,196601,18-MAY-66,18-JUL-66,51.31667,58.86667,-160.28333,179.43333,"JAPAN","JFA SURVEY",158
169,"BS",502,196701,02-JUL-67,05-SEP-67,51.23333,61.03333,-160.21667,164.75,"JAPAN","JFA SURVEY",159
170,"BS",503,196801,21-JUN-68,20-JUL-68,55.13333,62.96667,-160.25,-172.25,"JAPAN","JFA SURVEY",160
171,"BS",504,196901,30-JUN-69,06-SEP-69,51.25,61.95,-159.76667,172.7,"JAPAN","JFA SURVEY",161
172,"BS",505,197001,02-JUL-70,02-AUG-70,55.15,61.38333,-160.25,-172.23333,"JAPAN","JFA SURVEY",162
173,"BS",506,197101,30-MAY-71,30-JUN-71,54.61667,59.86667,-160.23333,-175.75,"JAPAN","JFA SURVEY",163
175,"BS",508,197401,05-MAY-74,11-JUN-74,54.6,59.11667,-162.26667,-174.88333,"JAPAN","JFA SURVEY",164
176,"BS",508,197501,04-MAY-75,03-JUL-75,54.61667,60.08333,-161.8,-178.28333,"JAPAN","JFA SURVEY",165
177,"BS",508,197601,13-MAY-76,14-JUL-76,54.6,60.11667,-161.76667,-178.25,"JAPAN","JFA SURVEY",166
178,"HBS",509,197801,18-JUN-78,16-JUL-78,52.31667,60.85,-167.61667,171.68333,"JAPAN","HYD/AC PLK",167
179,"BS",512,197901,10-JUN-79,28-JUL-79,54.31667,59.9,-160.35,-178.95,"JAPAN","USJPN COOP",168
180,"BS",513,197901,29-JUN-79,02-AUG-79,57,63.33333,-166.31667,-179.46667,"JAPAN","USJPN COOP",169
181,"BS",514,198101,12-JUL-81,09-OCT-81,54.10333,60.90833,-165.47867,-179.79633,"JAPAN","USJPNCOOP",170
182,"GOA",1,198104,31-AUG-81,14-SEP-81,53.66333,55.43833,-160.19333,-166.97667,"USA","SHRMP",171
183,"GOA",1,198301,04-MAR-83,20-MAR-83,56.45617,58.2165,-153.57383,-156.5395,"USA","GRFSH",172
184,"HG",1,198302,30-MAR-83,09-APR-83,56.60917,57.83517,-149.75517,-155.37983,"USA","HY/AC POLL",173
185,"AI",1,198304,17-AUG-83,04-SEP-83,52.24983,54.74433,-165.21333,-174.4525,"USA/JAPAN","GRFSHALEUT",174
186,"GOA",1,198401,22-APR-84,04-MAY-84,55.55317,57.892,-134.59133,-136.86133,"USA","GRFSH AUKE",175
187,"GOA",1,198404,29-AUG-84,30-AUG-84,55.192,55.4095,-161.52667,-161.97833,"USA","SHRIMP",176
188,"GOA",1,198405,04-SEP-84,12-SEP-84,57.60533,57.763,-151.91167,-152.4435,"USA","YNG OF YR",177
189,"GOA",2,195301,10-MAR-53,07-APR-53,59.41667,59.91667,-139.61667,-140.25,"USA","EXPL YAKUT",178
190,"GOA",2,195401,26-FEB-54,06-APR-54,59.5,61.11667,-145.66667,-148.61667,"USA","EXPL PR.WM",179
191,"GOA",2,195402,13-JUL-54,08-SEP-54,59.21667,61.11667,-144.86667,-148.43333,"USA","EXPL PR.WM",180
192,"GOA",2,195801,22-JUL-58,26-AUG-58,56.91667,59.6,-150.35,-154.91667,"USA","EXPL KODK",181
193,"GOA",2,195902,14-OCT-59,11-NOV-59,59.36667,61.03333,-145.86667,-150.21667,"USA","EXPL KENAI",182
194,"GOA",2,196101,14-SEP-61,11-OCT-61,59.26667,60.3,-144.75,-148.86667,"USA","GRFSH PRWM",183
195,"GOA",2,196201,23-APR-62,31-MAY-62,57.33333,60.23333,-144.96667,-150.63333,"USA","GRFSH PRWM",184
196,"GOA",2,197205,10-MAY-72,31-MAY-72,56.46667,57.16667,-152.7,-153.83333,"USA","SHRMP KODK",185
197,"GOA",2,197206,22-JUL-72,17-AUG-72,56.45,57.95,-151.38333,-155,"USA","GRFSH",186
198,"GOA",2,197303,10-MAY-73,05-JUN-73,56.8,58.76667,-151.45,-155.35,"USA","GRFSH",187
199,"GOA",2,197304,26-AUG-73,07-OCT-73,56.23333,58.81667,-150.03333,-156.7,"USA","GRFSH",188
200,"GOA",2,197404,17-JUL-74,09-AUG-74,53.03333,54.5,-162.23333,-167.86667,"USA","GRFSH",189
201,"GOA",2,197503,26-JUN-75,08-AUG-75,55.16667,59.96667,-147.86667,-157.28333,"USA","GRFSH",190
202,"GOA",2,197602,10-APR-76,24-MAY-76,54.73333,59.43333,-130.95,-139.95,"USA","GRFSH INSD",191
203,"GOA",2,197703,27-JUL-77,06-AUG-77,54.88333,57.65,-133.91667,-136.46667,"USA","GRFSH",192
204,"GOA",2,197803,10-JUN-78,11-AUG-78,55.4,59.66667,-134.9,-142.86667,"USA","BKCODINDEX",193
205,"GOA",2,197902,03-JUN-79,15-JUL-79,54.55,57.85,-132.81667,-137.05,"USA","BKCODINDEX",194
206,"GOA",2,198002,06-JUN-80,10-JUL-80,54.54167,57.85333,-132.77833,-137.05833,"USA","BKCODINDEX",195
207,"GOA",2,198102,02-JUN-81,12-JUL-81,54.54,58.27,-132.76833,-137.0555,"USA","BKCODINDEX",196
208,"GOA",2,198202,26-MAY-82,24-JUN-82,54.55833,57.85833,-132.85,-137.06,"USA","BKCODINDEX",197
209,"GOA",2,198301,09-APR-83,20-APR-83,58.17,58.66833,-134.93667,-135.67833,"USA","BKCODEXPER",198
210,"GOA",2,198303,21-MAY-83,30-JUN-83,54.53667,57.87167,-132.83333,-137.07333,"USA","BKCODINDEX",199
211,"GOA",2,198401,18-MAY-84,26-JUL-84,54.55,58.42,-132.795,-137.06833,"USA","BKCODINDEX",200
212,"GOA",2,198503,02-JUL-85,27-JUL-85,54.55833,57.87167,-132.79167,-137.00833,"USA","BKCODINDEX",201
213,"GOA",2,198603,02-JUN-86,20-JUN-86,54.54,57.9,-132.775,-137.07833,"USA","BKCODINDEX",202
214,"GOA",2,198605,28-AUG-86,01-SEP-86,55.204,55.45167,-161.565,-161.97467,"USA","SHRMP PVLV",203
215,"GOA",2,198606,03-SEP-86,08-OCT-86,55.14633,58.31817,-152.02167,-160.0105,"USA","YNG OF YR",204
216,"GOA",2,198805,24-JUL-88,01-AUG-88,55.3375,55.655,-133.51667,-134.96517,"USA","RKFISH SE",205
217,"GOA",3,198001,16-JUN-80,06-AUG-80,53.899,60.303,-135.7925,-164.501,"USA","IPHC JVHAL",206
218,"GOA",3,198101,11-JUN-81,30-JUL-81,53.899,60.30183,-135.79667,-164.51567,"USA/CANADA","IPHC JVHAL",207
219,"GOA",4,197103,09-JUN-71,20-JUL-71,56.48333,57.65,-151.86667,-153.81667,"USA","SHRMP KODK",208
220,"GOA",4,197302,23-MAY-73,14-JUN-73,56.56667,57,-152.96667,-153.8,"USA","SHRMP KODK",209
221,"GOA",9,196306,13-JUL-63,01-AUG-63,54.16667,59.85,-131.58333,-148.5,"CANADA","FRBC RFISH",210
222,"GOA",9,196307,26-AUG-63,15-SEP-63,55.9,58.31667,-148.83333,-154.53333,"CANADA","FRBC RFISH",211
223,"GOA",9,196408,02-AUG-64,16-AUG-64,53.11667,55.85,-154.95,-167.1,"CANADA","FRBC RFISH",212
224,"GOA",9,196502,14-FEB-65,28-FEB-65,56.26667,59.5,-140.45,-152.91667,"CANADA","FRBC RFISH",213
225,"GOA",9,196503,28-AUG-65,07-SEP-65,54.68333,57.86667,-134,-136.88333,"CANADA","FRBC RFISH",214
226,"GOA",9,196602,25-AUG-66,14-SEP-66,51.26667,56.81667,-128.9,-135.96667,"CANADA","FRBC RFISH",215
227,"GOA",9,196702,25-SEP-67,28-SEP-67,55.93333,56.31667,-135.08333,-135.48333,"CANADA","FRBC RFISH",216
228,"GOA",9,197001,09-MAR-70,16-MAY-70,54.03333,59.63333,-133.46667,-142.56667,"CANADA","FRBC RFISH",217
230,"GOA",14,197203,25-AUG-72,28-SEP-72,54.1,55.86667,-158.91667,-162.65,"USA","SHRMP SHUM",218
231,"GOA",14,197305,29-AUG-73,23-OCT-73,54.38333,56.4,-157.2,-162.68333,"USA","SHRMP SHUM",219
232,"GOA",14,197401,15-APR-74,22-MAY-74,56.55,57.08333,-153.01667,-153.78333,"USA","SHRMP KODK",220
233,"GOA",14,197403,01-SEP-74,27-OCT-74,54.36667,56.56667,-157.61667,-163.1,"USA","SHRMP SHUM",221
234,"GOA",14,197501,01-APR-75,22-MAY-75,57.8,58.65,-150.03333,-152.55,"USA","SHRMP KODK",222
235,"GOA",14,197503,07-SEP-75,31-OCT-75,53.73333,56.56667,-157.65,-166.51667,"USA","SHRMP SHUM",223
236,"GOA",14,197603,08-SEP-76,28-OCT-76,54.45,56.56667,-157.63333,-163.28333,"USA","SHRMP SHUM",224
237,"GOA",14,197704,21-AUG-77,23-SEP-77,54.45,56.56667,-157.58333,-163.2,"USA","SHRMP SHUM",225
238,"GOA",14,197801,13-APR-78,04-MAY-78,59.66667,60.86667,-145.85,-148.41667,"USA","GRFSH PRWM",226
239,"GOA",14,197803,25-AUG-78,16-OCT-78,53.5,56.55,-157.63333,-167.2,"USA","SHRMP",227
240,"GOA",14,198003,12-AUG-80,16-SEP-80,53.42633,55.58667,-158.82333,-167.52667,"USA","SHRMP",228
241,"GOA",15,197003,30-AUG-70,10-OCT-70,58.33333,61.11667,-146.15,-152.4,"USA","SHRMP KODK",229
242,"GOA",18,197501,03-MAY-75,07-AUG-75,59.16667,60.28333,-140.16667,-147.8,"USA","GRFSH YAKT",230
243,"GOA",19,198101,13-APR-81,09-MAY-81,53.81333,57.675,-154.315,-163.96333,"USA","WGULFPCOD",231
244,"GOA",19,198102,25-MAY-81,25-JUN-81,55.04533,59.434,-133.73667,-141.99667,"USA","GRFSH",232
245,"GOA",19,199001,04-JUN-90,31-AUG-90,52.629,60.27283,-144.18317,-169.73483,"USA","GOA TRIENNIAL SURVEY",233
246,"GOA",21,197701,26-JAN-77,06-MAR-77,55.46667,58.46667,-149.03333,-156.51667,"USA","GRFSH KODK",234
247,"GOA",21,197801,21-MAR-78,24-MAR-78,57.61667,58.21667,-150.01667,-151.7,"USA","GRFSHMARMT",235
248,"HG",21,197802,10-SEP-78,17-SEP-78,56.65,57.08333,-152.53333,-153.3,"USA","HY/AC POLL",236
249,"GOA",21,197803,27-MAR-78,11-APR-78,56.0665,58.10083,-149.6445,-156.16,"USA","GRFSHKODK",237
250,"GOA",21,197805,25-SEP-78,16-NOV-78,55.61667,60.18333,-144.66667,-155.73333,"USA","GRFSH KODK",238
251,"GOA",21,197901,20-JAN-79,13-APR-79,55.57283,58.10867,-134.45833,-155.48833,"USA","GRFSH&RFSH",239
252,"GOA",21,198001,20-FEB-80,13-APR-80,55.17567,58.18233,-152.4445,-156.68017,"USA","GRFSH KODK",240
253,"GOA",21,198004,09-NOV-80,20-NOV-80,54.67867,58.28333,-133.49217,-135.73833,"USA","GRFSH OMNY",241
254,"HG",21,198102,02-MAR-81,09-APR-81,55.58667,58.11667,-154.08,-156.20333,"USA","HY/AC POLL",242
255,"GOA",21,198103,20-APR-81,04-MAY-81,55.589,58.05833,-152.30583,-155.96317,"USA","WGULFPCOD",243
256,"GOA",21,198104,08-MAY-81,17-MAY-81,55.913,57.085,-151.45067,-154.0025,"USA","WGULFRKFSH",244
257,"GOA",21,198107,13-NOV-81,28-NOV-81,55.52167,56.64733,-134.31167,-135.83817,"USA","RFISHSE",245
258,"GOA",21,198201,31-MAY-82,05-JUN-82,56.11517,56.38517,-135.04917,-135.182,"USA","RFISH SE",246
259,"GOA",21,198300,29-JAN-83,04-FEB-83,56.12333,58.765,-134.11,-135.16,"USA","BKCODSPAWN",247
260,"HG",21,198302,09-MAR-83,13-APR-83,53.43317,58.59633,-152.791,-165.83333,"USA","HY/AC POLL",248
261,"AI",21,198303,28-JUL-83,14-AUG-83,51.20083,52.30867,-174.67217,177.322,"USA","GRFSHALEUT",249
262,"GOA",21,198304,26-SEP-83,06-OCT-83,57.527,58.14067,-150.58067,-152.66617,"USA","TRAWL COMP",250
263,"GOA",21,198401,09-FEB-84,24-FEB-84,54.28167,56.56467,-152.06683,-160.51333,"USA","WINTR PCOD",251
264,"HG",21,198402,03-MAR-84,06-APR-84,56.14933,60.70783,-146.85033,-156.05467,"USA","HY/AC POLL",252
265,"GOA",21,198403,03-JUN-84,20-JUN-84,55.11183,59.7335,-133.736,-141.9775,"USA","GRFSH AUKE",253
266,"GOA",21,198407,20-OCT-84,28-OCT-84,54.789,58.11117,-130.93683,-135.0575,"USA","BKCOD SE",254
267,"HG",21,198503,22-FEB-85,28-MAR-85,55.95383,58.43283,-153.23317,-156.45533,"USA","HY/AC POLL",255
268,"HG",21,198603,07-MAR-86,29-MAR-86,55.78583,58.01833,-153.611,-156.29383,"USA","HY/AC POLL",256
269,"GOA",21,198605,15-APR-86,28-APR-86,55.71317,58.13767,-149.6925,-155.2555,"USA","GEAR COMP",257
270,"HG",21,198703,12-MAR-87,29-MAR-87,55.5475,58.24633,-153.79117,-156.31983,"USA","HY/AC POLL",258
271,"HG",21,198802,07-MAR-88,27-MAR-88,54.85983,58.3715,-153.12933,-165.867,"USA","HY/AC POLL",259
272,"HG",21,198902,15-MAR-89,01-APR-89,55.14783,58.24667,-151.9775,-156.61383,"USA","HYD/AC PLK",260
273,"HG",21,199001,14-FEB-90,31-MAR-90,53.878,60.76733,-146.8415,-163.35417,"USA","HY/AC POLL",261
274,"GOA",21,199008,17-JUL-90,02-SEP-90,54.40167,60.01733,-132.9335,-144.38317,"USA","GOA TRIENNIAL SURVEY",262
275,"GOA",21,199009,07-SEP-90,22-SEP-90,53.79,58.08617,-152.25567,-164.44933,"USA","YOY  POLL",263
276,"HG",21,199102,16-MAR-91,25-MAR-91,54.15967,58.24183,-153.63883,-162.34567,"USA","HY/AC POLL",264
277,"HG",21,199202,13-MAR-92,31-MAR-92,54.6625,58.115,-150.5375,-156.736,"USA","HYAC POLL",265
278,"HG",21,199302,14-MAR-93,21-MAR-93,55.84633,58.38483,-153.526,-156.39783,"USA","HY/AC POLL",266
279,"GOA",21,199309,23-JUL-93,30-AUG-93,54.4875,59.97883,-132.89667,-144.33917,"USA","GOA TRIENNIAL SURVEY",267
280,"HG",21,199403,12-MAR-94,08-APR-94,54.72217,58.38567,-153.80867,-160.4685,"USA","HY/AC POLL",268
282,"GOA",24,197901,26-MAY-79,30-AUG-79,53.68333,59.9,-134.91667,-165.15,"USA","GF&C.OM.RF",269
283,"GOA",24,198201,11-JUN-82,17-JUL-82,53.75517,60.289,-135.80133,-164.77883,"USA/CANADA","IPHC JVHAL",270
284,"GOA",24,198701,31-MAY-87,25-JUL-87,53.73583,60.27483,-144.31433,-165.8245,"USA","GOA TRIENNIAL SURVEY",271
285,"GOA",24,198702,05-AUG-87,10-SEP-87,54.55567,59.72033,-132.94167,-143.48733,"USA","GOA TRIENNIAL SURVEY",272
286,"GOA",27,197802,27-JUL-78,21-SEP-78,54.23333,59.3,-131.1,-155.66667,"USA","RF SE&KODK",273
287,"GOA",30,197801,25-JUL-78,05-AUG-78,54.01667,56.25,-130.98333,-134.96667,"USA","RFISH SE",274
288,"AI",31,198002,30-JUL-80,20-AUG-80,52.30267,54.8725,-165.228,-170.89533,"USA","GRFSH",275
289,"GOA",31,198101,05-JUN-81,17-AUG-81,55.08917,59.78117,-134.09133,-152.6245,"USA","GRFSH",276
290,"AI",31,198201,06-FEB-82,30-MAR-82,52.2625,55.11667,-164.73167,-173.9,"USA","WGULFPCOD",277
291,"GOA",32,196001,09-SEP-60,03-OCT-60,54.75,58.86667,-133.8,-138.13333,"USA","EXPL SE",278
292,"GOA",33,196201,11-JUL-62,15-AUG-62,57.18333,58.78333,-148.55,-152.05,"USA","EXPL KENAI",279
293,"GOA",33,196202,21-AUG-62,02-OCT-62,58.95,60.78333,-144.26667,-150.48333,"USA","EXPL PR.WM",280
294,"GOA",33,196302,12-JUL-63,10-SEP-63,55.66667,60.26667,-146.86667,-155.68333,"USA","EXPL PR.WM",281
295,"GOA",34,196301,20-MAY-63,11-JUN-63,58.2,60.01667,-134.43333,-144.55,"USA","EXPL FW-YK",282
296,"GOA",34,196703,11-JUL-67,27-AUG-67,58.76667,60.08333,-148.33333,-150.58333,"USA","EXPL KENAI",283
297,"GOA",34,196802,03-JUL-68,26-SEP-68,56.63333,58.68333,-151.3,-156.41667,"USA","EXPL KODK",284
298,"GOA",37,198102,30-AUG-81,23-SEP-81,55.25917,58.29167,-151.25333,-160.94,"USA","ADFG SHRMP",285
299,"GOA",37,198302,11-AUG-83,12-AUG-83,55.20717,55.416,-161.5605,-161.97683,"USA","SHRIMP",286
300,"GOA",37,198503,21-AUG-85,09-SEP-85,55.13667,58.205,-151.4,-159.87167,"USA","YNG OF YR",287
301,"GOA",37,198702,05-AUG-87,08-AUG-87,55.20783,55.57867,-161.304,-161.99383,"USA","SHRIMPPVLV",288
302,"GOA",37,198703,13-AUG-87,19-SEP-87,54.12383,58.41183,-151.64033,-165.02917,"USA","YNG OF YR",289
303,"GOA",37,198802,10-AUG-88,15-AUG-88,55.20067,55.4645,-161.55083,-161.98133,"USA","SHRMP PVLV",290
304,"GOA",37,198803,18-AUG-88,10-SEP-88,53.99833,58.19333,-152.065,-166.32167,"USA","YNG OF YR",291
305,"GOA",37,198902,18-AUG-89,21-AUG-89,55.1995,55.46383,-161.57267,-161.985,"USA","SHRMP PVLV",292
306,"GOA",38,196402,16-JUN-64,15-SEP-64,53.55,58.21667,-150.83333,-167.3,"USA","EXPL KODK",293
307,"GOA",41,198001,09-SEP-80,23-SEP-80,57.39367,59.7505,-139.859,-153.93667,"USA","ADFG SHRMP",294
308,"GOA",41,198101,03-SEP-81,03-OCT-81,56.73667,58.32833,-151.24167,-155.52,"USA","ADFG SHRMP",295
309,"GOA",42,198001,23-AUG-80,16-SEP-80,55.04217,57.7115,-155.523,-162.16633,"USA","ADFG SHRMP",296
310,"GOA",43,198001,23-AUG-80,05-SEP-80,56.73,58.203,-152.16167,-154.91667,"USA","ADFG SHRMP",297
311,"GOA",43,198201,24-AUG-82,23-SEP-82,56.21933,58.32783,-152.16233,-158.29067,"USA","ADFG SHRMP",298
312,"AI",44,198001,03-JUL-80,15-AUG-80,51.23667,52.60333,-172.89,173.38333,"USA/JAPAN","GRFSHALEUT",299
313,"GOA",46,198101,19-MAY-81,28-MAY-81,56.69667,58.06833,-134.43667,-134.90167,"USA","BKCODINDEX",300
314,"GOA",57,198401,20-JUN-84,19-AUG-84,52.426,59.532,-145.5595,-169.73567,"USA/JAPAN","GOA TRIENNIAL SURVEY",301
315,"GOA",57,198402,23-AUG-84,08-SEP-84,54.36717,59.78067,-133.8,-143.61983,"USA","GOA TRIENNIAL SURVEY",302
316,"GOA",58,198401,27-JUN-84,22-AUG-84,55.27517,60.2765,-144.69067,-157.437,"USA/JAPAN","GOA TRIENNIAL SURVEY",303
317,"AI",66,198601,24-JUL-86,24-SEP-86,51.23183,54.41883,-165.59633,172.44833,"USA","TRIENALEUT",304
318,"GOA",66,198701,31-MAY-87,06-SEP-87,53.165,59.86283,-149.47317,-167.51667,"USA","GOA TRIENNIAL SURVEY",305
319,"GOA",66,198702,13-JUL-87,28-JUL-87,58.60367,60.056,-139.3285,-144.16683,"USA","GOA TRIENNIAL SURVEY",306
320,"GOA",83,199001,04-JUN-90,09-SEP-90,52.4485,60.196,-144.9655,-169.91167,"USA","GOA TRIENNIAL SURVEY",307
321,"AI",83,199101,20-JUL-91,20-SEP-91,51.25167,54.6625,-165.14167,170.85783,"USA","AI   TRIEN",308
322,"AI",85,199101,19-JUL-91,19-SEP-91,51.18633,54.89117,-165.10883,170.71683,"USA","AI   TRIEN",309
323,"TAG",518,199201,05-MAY-92,05-SEP-92,51.325,60.83333,-133.93,172.85833,"JAPAN","TAGGING",310
324,"AI",552,198001,06-JUL-80,03-NOV-80,51.32033,56.405,-165.11367,170.73183,"USA/JAPAN","GRFSHALEUT",311
325,"AI",554,198301,15-JUL-83,01-NOV-83,51.23,54.81,-167.27333,170.56,"USA/JAPAN","GRFSHALEUT",312
326,"GOA",555,198401,14-JUL-84,03-OCT-84,52.43067,59.74617,-145.34617,-169.73783,"USA/JAPAN","GOA TRIENNIAL SURVEY",313
327,"AI",557,198601,18-MAY-86,10-SEP-86,51.1855,54.96433,-165.02333,170.7035,"USA/JAPAN","TRIENALEUT",314
328,"GOA",558,198601,18-JUL-86,16-AUG-86,54.34333,57.15,-165.56,-173.80667,"USA/JAPAN","GEAR COMP",315
329,"GOA",559,198601,18-JUL-86,15-AUG-86,54.35,57.17667,-165.58333,-173.775,"USA/JAPAN","GEAR COMP",316
330,"GOA",560,198701,22-MAY-87,29-AUG-87,52.50333,59.82717,-147.23133,-169.956,"USA/JAPAN","GOA TRIENNIAL SURVEY",317
331,"GOA",603,196108,11-MAY-61,29-JUL-61,54.9,58.9,-151.4,-158.5,"USA/CANADA","IPHC KODK",318
332,"GOA",603,196109,23-AUG-61,18-NOV-61,56.1,58.9,-151,-155,"USA/CANADA","IPHC KODK",319
333,"GOA",603,196207,15-FEB-62,20-APR-62,53.8,58.75,-148.71667,-164.5,"USA/CANADA","IPHC KODK",320
334,"GOA",603,196208,25-JUN-62,27-AUG-62,57.7,60.05,-142.75,-150.5,"USA/CANADA","IPHC KENAI",321
335,"GOA",603,196209,10-SEP-62,26-NOV-62,56.85,59.75,-140.25,-151.75,"USA/CANADA","IPHC KENAI",322
336,"GOA",603,196307,24-JAN-63,19-MAR-63,55.85,60.25,-142.25,-155.5,"USA/CANADA","IPHC KODK",323
337,"GOA",604,196108,13-MAY-61,29-JUL-61,53.65,58.93333,-151.2,-165.01667,"USA/CANADA","IPHC KODK",324
338,"GOA",604,196109,28-AUG-61,27-NOV-61,53.63333,58.26667,-151.46667,-165.05,"USA/CANADA","IPHC KODK",325
339,"GOA",604,196207,02-FEB-62,20-APR-62,53.63333,58.76667,-148.88333,-165.03333,"USA/CANADA","IPHC KODK",326
340,"GOA",606,196208,22-JUN-62,27-AUG-62,57.58333,60.33333,-145.75,-150.46667,"USA/CANADA","IPHC KENAI",327
341,"GOA",606,196209,11-SEP-62,08-DEC-62,57.66667,60.31667,-140.33333,-151.48333,"USA/CANADA","IPHC KENAI",328
342,"GOA",606,196307,24-JAN-63,18-MAR-63,57.91667,60.25,-137.8,-153.61667,"USA/CANADA","IPHC KODK",329
343,"GOA",620,195701,18-JUL-57,29-SEP-57,53.76667,55.5,-160.31667,-166.5,"USA","EXPL SHUM",330
344,"GOA",620,195702,06-SEP-57,30-SEP-57,53.73333,55.8,-159.8,-166.51667,"USA","EXPL SHUM",331
345,"GOA",620,196101,04-JUN-61,14-SEP-61,57.85,60.01667,-136.75,-150.53333,"USA","GRFSH YAKT",332
346,"GOA",620,196102,17-SEP-61,25-SEP-61,58.81667,59.2,-152.05,-153.18333,"USA","EXPL COOK",333
347,"GOA",620,197801,23-JUN-78,17-AUG-78,52.63333,60.3,-130.81667,-164.78333,"USA/CANADA","IPHC HALIB",334
348,"GOA",626,197101,09-JUL-71,19-JUL-71,53.85,54.73333,-163.33333,-164.75,"USA/CANADA","IPHC HALIB",335
349,"GOA",630,196108,11-MAY-61,29-JUL-61,54.65,59.08333,-150.73333,-158.83333,"USA/CANADA","IPHC KODK",336
350,"GOA",630,196109,19-AUG-61,27-NOV-61,54.41667,58.2,-151.41667,-160.51667,"USA/CANADA","IPHC KODK",337
351,"GOA",630,196207,03-FEB-62,20-APR-62,53.65,58.73333,-148.5,-164.83333,"USA/CANADA","IPHC KODK",338
352,"GOA",630,196208,22-JUN-62,27-AUG-62,57.96667,60.26667,-137.25,-146.31667,"USA/CANADA","IPHC KENAI",339
353,"GOA",630,196209,19-SEP-62,19-OCT-62,58.26667,59.43333,-137.28333,-140.16667,"USA/CANADA","IPHC KENAI",340
354,"GOA",630,196307,01-MAR-63,11-MAR-63,55.66667,58.05,-151.73333,-155.5,"USA/CANADA","IPHC KODK",341
355,"GOA",723,197702,04-JUL-77,01-AUG-77,54.63333,59.95,-133.83333,-150.85,"POLAND","POLLKRF",342
356,"GOA",764,198501,31-MAR-85,07-AUG-85,51.23667,59.39167,-147.74167,170.65833,"USA/USSR","WGOA ALEUT",343
357,"GOA",765,198001,02-JUL-80,15-AUG-80,52.25,60,-133.61667,-170.78333,"KOREA","WGULFCOOP",344
358,"GOA",765,198101,08-JUL-81,19-AUG-81,56.48,60.17167,-137.84167,-153.05333,"KOREA","WGULFCOOP",345
359,"GOA",765,198201,11-SEP-82,13-OCT-82,55.955,60.00333,-145.91,-154.23667,"KOREA","WGULFCOOP",346
360,"GOA",765,198301,12-AUG-83,02-SEP-83,55.93233,60.01833,-146.00333,-155.33333,"KOREA","WGULFCOOP",347
361,"GOA",765,198501,19-JUL-85,15-AUG-85,54.25833,58.19,-150.089,-161.01867,"KOREA","WGULF ROK",348
362,"GOA",781,198101,14-MAR-81,28-MAY-81,54.12,57.82,-150.99667,-161.845,"USA/USSR","WGULFCOOP",349
363,"GOA",781,198402,26-MAY-84,12-AUG-84,52.40833,60,-146.5,-169.75833,"USA/USSR","WGULFCOOP",350
364,"GOA",782,198201,07-APR-82,27-JUL-82,51.86167,59.4,-148.06667,170.73333,"USA/USSR","WGULFCOOP",351
365,"GOA",783,198301,22-APR-83,11-MAY-83,53.33333,58.23167,-150.01333,-166.345,"USA/USSR","WGULFCOOP",352
366,"GOA",787,198601,21-MAR-86,28-MAR-86,57.705,59.46667,-140.47667,-150.63,"USA/USSR","MDWTR POLL",353
367,"GOA",787,198602,30-MAR-86,18-APR-86,53.67667,59.66833,-139.44167,-165.39167,"USA/USSR","MDWTR POLL",354
368,"GOA",788,198701,06-JUN-87,12-JUL-87,52.4,58.01333,-149.73,-169.885,"USA/USSR","TRIEN GRFS",355
369,"WC",1,198002,22-OCT-80,19-NOV-80,32.59833,38.20333,-119.40333,-123.625,"USA","BKCODINDEX",356
370,"WC",1,198102,12-APR-81,24-APR-81,42.96667,44.70167,-124.61667,-124.93333,"USA","WIDRFBEHAV",357
371,"TAG",2,197202,01-FEB-72,09-FEB-72,48.16667,48.16667,-122.53333,-122.53333,"USA","TAGGING",358
372,"TAG",2,197301,26-FEB-73,10-MAR-73,47.85,48.13333,-122.35,-122.98333,"USA","TAGGING",359
373,"TAG",2,197302,09-APR-73,29-APR-73,57.91667,58.3,-134.8,-135.2,"USA","TAGGING",360
374,"WC",2,197402,05-APR-74,09-MAY-74,34.1,41.41667,-119.4,-124.45,"USA","PACIFHAKE",361
375,"TAG",2,197405,23-SEP-74,15-OCT-74,43.05,47.43333,-124.15,-124.76667,"USA","TAGGING",362
376,"WC",2,197502,29-MAR-75,01-MAY-75,33.98333,41.63333,-118.66667,-124.48333,"USA","PACIFHAKE",363
377,"WC",2,197504,04-SEP-75,24-OCT-75,36.95,49.91667,-122.2,-127.41667,"USA","PACIFHAKE",364
378,"WC",2,197603,03-AUG-76,23-SEP-76,36.3,51.51667,-121.91667,-129.65,"USA","76RF PILOT",365
379,"WC",2,197902,08-AUG-79,26-SEP-79,43.45,47.9,-124.36667,-125.395,"USA","BKCODINDEX",366
380,"WC",2,198002,06-AUG-80,26-SEP-80,43.37667,47.88833,-124.365,-125.375,"USA","BKCODINDEX",367
381,"WC",2,198102,05-AUG-81,28-SEP-81,43.45383,47.8925,-124.35883,-125.37883,"USA","BKCODINDEX",368
382,"WC",2,198103,10-NOV-81,21-NOV-81,32.58683,32.744,-119.534,-119.70167,"USA","BKCODINDEX",369
383,"WC",2,198204,26-OCT-82,13-NOV-82,32.59583,38.225,-119.53033,-123.58833,"USA","BKCODINDEX",370
384,"WC",2,198304,13-OCT-83,28-OCT-83,43.444,47.889,-124.37167,-125.3665,"USA","BKCODINDEX",371
385,"WC",2,198501,04-APR-85,10-MAY-85,44.27,47.15167,-124.506,-124.97167,"USA","CODEND MSH",372
386,"WC",2,198705,29-SEP-87,30-OCT-87,47.15633,48.932,-122.28817,-124.70833,"USA","WDF CO-OP",373
387,"WC",4,197105,05-SEP-71,03-OCT-71,44.25,46.16667,-123.98333,-124.75,"USA","ODF&WFLATF",374
388,"WC",4,197204,02-SEP-72,13-SEP-72,42.75,44.38333,-124.15,-124.83333,"USA","ODF&WFLATF",375
389,"TAG",4,197301,12-APR-73,16-APR-73,48.11667,48.11667,-122.96667,-122.96667,"USA","TAGGING",376
390,"WC",4,197305,07-SEP-73,04-OCT-73,44.31667,46.18333,-123.98333,-124.75,"USA","ODF&WFLATF",377
391,"WC",4,197409,07-SEP-74,02-OCT-74,42.75,44.81667,-124.16667,-124.88333,"USA","ODF&WFLATF",378
392,"WC",4,197504,12-SEP-75,02-OCT-75,46.28333,48.35,-124.23333,-125.28333,"USA","PACIFHAKE",379
393,"WC",4,197701,04-JUL-77,27-SEP-77,34.05,48.48333,-119.3,-125.7,"USA","77 HAKE/RF",380
394,"WC",5,198001,12-JUL-80,27-SEP-80,36.79883,49.55467,-121.871,-127.226,"USA","80HAKE/RF",381
395,"WC",5,198002,11-AUG-80,13-AUG-80,44.5645,44.674,-124.61633,-124.81417,"USA","WIDRFSTUDY",382
396,"WC",6,197901,18-APR-79,27-APR-79,46.26667,48.31667,-124.38333,-125.73333,"USA","79POP COOP",383
397,"WC",7,197901,20-APR-79,02-MAY-79,45.4,46.33333,-124.35,-124.8,"USA","79POP COOP",384
398,"WC",8,197901,18-APR-79,27-APR-79,44.46667,45.33333,-124.23333,-124.86667,"USA","79POP COOP",385
399,"TAG",9,198101,14-AUG-81,26-AUG-81,51.425,53.83333,-128.64833,-130.86667,"USA","TAGGING",386
400,"TAG",11,197901,11-JUN-79,03-JUL-79,55.81667,56.46667,-141.89167,-146.36167,"USA","TAGGING",387
401,"WC",13,198201,19-MAR-82,31-MAR-82,42.98333,44.66667,-124.7,-124.925,"USA","WIDRFSTUDY",388
402,"WC",14,197901,22-MAR-79,23-APR-79,46.93333,48.38333,-124.8,-125.7,"USA","79POP COOP",389
403,"WC",19,197602,12-AUG-76,23-SEP-76,36.25,51.58333,-121.98333,-129.93333,"USA","76RF PILOT",390
404,"WC",19,198001,12-JUL-80,28-SEP-80,36.81667,49.715,-122.105,-127.45167,"USA","80HAKE/RF",391
405,"WC",19,198002,11-AUG-80,13-AUG-80,44.56833,44.70667,-124.60167,-124.84333,"USA","WIDRFSTUDY",392
406,"WC",19,198601,16-JUL-86,28-SEP-86,36.8745,48.483,-122.1305,-125.65917,"USA","86 HAKE/RF",393
407,"WC",19,198901,17-JUL-89,27-SEP-89,34.72483,49.58867,-120.719,-127.24983,"USA","89 HAKE/RF",394
408,"WC",19,198902,01-DEC-89,08-DEC-89,48.9355,48.9515,-123.10467,-123.12933,"USA","GEAR XPRMT",395
409,"HWC",21,197702,20-JUL-77,28-SEP-77,34.1,49.75,-119.66667,-127.36667,"USA/POLAND","HK/RF H/A",396
410,"HWC",21,197904,29-AUG-79,03-OCT-79,47.85,49.2,-124.03333,-126.76667,"USA","HERRING",397
411,"HWC",21,198003,14-JUL-80,08-SEP-80,36.98333,49.31833,-122.40833,-127.13167,"USA","HK/RF H/A",398
412,"HWC",21,198608,03-JUL-86,30-JUL-86,37.36583,49.12583,-122.84917,-126.45283,"USA","HAKE H/A",399
413,"WC",21,198809,28-NOV-88,14-DEC-88,44.10717,45.37583,-124.30783,-125.11167,"USA","SWFC COOP",400
414,"HWC",21,198905,24-JUL-89,21-AUG-89,34.82567,49.8345,-120.80583,-127.71633,"USA","HY/AC HAKE",401
415,"HWC",21,199208,09-JUL-92,17-AUG-92,36.66867,51.4885,-121.99383,-129.7295,"USA","HY/AC HAKE",402
416,"WC",21,199011,26-OCT-90,15-NOV-90,40.52483,42.9735,-124.37733,-125.06717,"USA","SWFC COOP",403
417,"WC",21,199112,26-OCT-91,15-NOV-91,37.30967,45.341,-122.8405,-125.13367,"USA","SLOPEGRFSH",404
418,"WC",21,199210,17-OCT-92,12-NOV-92,45.4935,48.131,-124.396,-125.7585,"USA","92 SLPE GR",405
419,"WC",21,199312,14-OCT-93,08-NOV-93,42.671,45.50317,-124.36683,-125.13667,"USA","SLOPEGRFSH",406
421,"WC",22,197701,13-JUL-77,26-SEP-77,34.45,48.43333,-120.7,-125.65,"USA","77 HAKE/RF",407
422,"WC",23,198401,24-SEP-84,28-OCT-84,32.385,42.2745,-118.893,-124.90533,"USA","BKCODINDEX",408
423,"WC",25,197705,29-JUL-77,18-AUG-77,39.83333,43.65,-124,-124.75,"USA","77 HAKE/RF",409
424,"WC",25,198701,11-JAN-87,15-FEB-87,34.54517,37.52733,-120.85183,-123.24917,"USA","SWFC CO-OP",410
425,"WC",25,198803,23-FEB-88,09-APR-88,34.51817,36.33183,-120.72517,-122.25483,"USA","SWFC CO-OP",411
426,"WC",25,198903,21-FEB-89,31-MAR-89,44.123,45.41183,-124.34783,-125.14283,"USA","SWFC CO-OP",412
427,"WC",35,198001,09-SEP-80,13-SEP-80,47,47,-125,-125,"USA","RFISHCOMM.",413
428,"WC",36,198001,13-AUG-80,21-AUG-80,40,40,-124.5,-124.5,"USA","RFISHCOMM.",414
429,"WC",37,198602,02-AUG-86,28-SEP-86,42.6,48.47833,-124.034,-125.641,"USA","86 HAKE/RF",415
430,"WC",37,198903,10-SEP-89,06-OCT-89,43.382,48.20083,-124.37583,-125.96767,"USA","BKCODINDEX",416
431,"WC",37,199103,07-SEP-91,06-OCT-91,32.36567,42.28167,-118.8225,-124.90633,"USA","BKCODINDEX",417
432,"WC",37,199202,24-AUG-92,01-OCT-92,40.72133,49.24617,-124.068,-126.60567,"USA","92 HAKE/RF",418
433,"WC",39,198301,13-JUL-83,29-SEP-83,36.80567,48.86367,-121.85583,-126.207,"USA","83 HAKE/RF",419
435,"WC",44,198401,08-SEP-84,11-OCT-84,43.085,46.239,-124.174,-125.02917,"USA","GRFSHSLOPE",420
436,"TAG",46,198101,25-MAY-81,25-MAY-81,56.50667,56.50667,-134.17333,-134.17333,"USA","TAGGING",421
437,"HWC",48,198301,09-AUG-83,21-SEP-83,40.42833,48.987,-124.26333,-126.4695,"USA","HAKE  H/A",422
438,"TAG",49,197201,10-FEB-72,10-MAR-72,55.63333,57.8,-131.73333,-134.9,"USA","TAGGING",423
439,"TAG",50,197201,29-SEP-72,14-NOV-72,48.1,48.13333,-122.48333,-122.96667,"USA","TAGGING",424
440,"TAG",51,197103,19-MAY-71,08-JUN-71,32.56667,33.93333,-117.41667,-119.81667,"USA","TAGGING",425
441,"TAG",51,197105,27-JUL-71,11-AUG-71,36.45,38,-122,-123.51667,"USA","TAGGING",426
442,"TAG",51,197203,06-MAY-72,16-MAY-72,39.95,40.7,-124.13333,-124.63333,"USA","TAGGING",427
443,"TAG",51,197304,18-JUL-73,19-JUL-73,40.23333,40.26667,-124.83333,-125,"USA","TAGGING",428
444,"TAG",52,197501,18-JUN-75,30-DEC-75,33.56667,34.11667,-117.85,-119.33333,"USA","TAGGING",429
445,"TAG",52,197601,06-JAN-76,19-APR-76,33.43333,34.06667,-117.96667,-119.05,"USA","TAGGING",430
446,"TAG",53,198101,05-MAR-81,06-MAR-81,45.51667,45.76667,-124.58333,-124.78333,"USA","TAGGING",431
965533,"BS",88,199901,23-MAY-99,15-JUL-99,54.60201,62.00377,-177.59711,-158.3644,"USA","1999 Bering Sea Bottom Trawl Survey",1
978773,"GOA",57,199901,16-MAY-99,22-JUL-99,52.51219,59.86901,-169.6717,-133.75,"USA","1999 GULF OF ALASKA TRIENNIAL SURVEY",2
978774,"GOA",94,199901,16-MAY-99,27-JUL-99,52.60933,60.311,-169.913,-132.8314,"USA","1999 GULF OF ALASKA TRIENNIAL SURVEY",3
978772,"GOA",23,199901,16-MAY-99,22-JUL-99,52.6412,60.01268,-169.3526,-132.822,"USA","1999 GULF OF ALASKA TRIENNIAL SURVEY",4
998132,"WC",21,199913,18-OCT-99,18-NOV-99,34.48022,48.12491,-125.98,-120.7892,"USA","1999 Slope Survey",5
1007812,"HBS",21,200003,29-FEB-00,13-MAR-00,53.02183,55.9065,-169.49633,-164.672,"USA","BOGOSLOF POLLOCK ACOUSTIC SURVEY",6
1008015,"GOA",93,199901,14-JUN-99,29-JUN-99,58.65683,59.7115,-146.352,-140.34733,"USA","ROCKFISH ADAPTIVE SAMPLING EXPERIMENT IN THE EASTERN GULF OF ALASKA",7
1010675,"BS",89,200001,23-MAY-00,20-JUL-00,54.83447,62.00667,-178.183,-158.3302,"USA","2000 Bering Sea Bottom Trawl Survey",8
1010676,"BS",88,200001,23-MAY-00,13-JUL-00,54.67172,62.00216,-178.183,-158.3302,"USA","2000 Bering Sea Bottom Trawl Survey",9
1023495,"BS",57,200001,20-JUN-00,19-JUL-00,54.28084,60.33742,-179.1712,-166.50999,"USA","2000 Bering Sea Slope Survey",10
1027695,"HG",21,200004,17-MAR-00,25-MAR-00,55.73583,58.33733,-156.56317,-153.89883,"USA","2000 Shelikof Acoustic Survey",11
1027909,"HBS",21,200009,13-JUN-00,31-JUL-00,54.3875,61.829,-178.62983,-160.3465,"USA","2000 Bering Sea Acoustic Survey",12
1028815,"WC",21,200012,11-OCT-00,09-NOV-00,34.47908,48.125,-125.9796,-120.7874,"USA","West Coast Slope Survey",13
1039235,"HG",21,200102,14-FEB-01,18-FEB-01,55.13417,55.61267,-160.486,-158.72817,"USA","2001 Shumagin Hydro-acoustic Survey",14
1039395,"HBS",21,200103,20-FEB-01,10-MAR-01,53.00917,55.9395,-169.41333,-162.92167,"USA","2001 Bering Sea and Bogoslof Hydro-Acoustic Survey",15
1039635,"AI",23,200001,20-MAY-00,22-JUL-00,51.25256,54.62018,-165.26421,170.7222,"USA","2000 Aleutian Island Survey",16
1039636,"AI",94,200001,20-MAY-00,20-JUL-00,51.20246,54.89195,-165.2055,170.6133,"USA","2000 Aleutian Island Survey",17
1058532,"HG",21,200104,13-MAR-01,26-MAR-01,55.72167,58.17417,-156.53733,-151.38767,"USA","2001 Shelikof Acoustic Survey",18
1058875,"BS",134,200101,18-FEB-01,28-FEB-01,54.33617,55.9555,-165.894,-164.1047,"USA","2001 Winter Survey",19
1059320,"BS",31,200101,18-FEB-01,28-FEB-01,54.33349,55.86489,-165.977,-164.2196,"USA","2001 Winter Survey",20
1059814,"GOA",31,200102,05-MAR-01,13-MAR-01,54.45543,55.53025,-160.6099,-159.0137,"USA","2001 Winter Survey",21
1060120,"GOA",143,200101,10-FEB-01,06-MAR-01,56.26693,58.31686,-153.7854,-151.2185,"USA","2001 Winter Survey",22
1061275,"BS",88,200002,25-JUL-00,28-JUL-00,55.56144,55.65814,-168.1158,-167.62331,"USA","Poly Nor eastern Bottom Trawl Speed/Catchablilty study",23
1061775,"HG",21,200010,09-AUG-00,19-AUG-00,56.51333,57.79633,-152.821,-151.26,"USA","2000 Gulf of Alaska Acoustic Survey",24
1062115,"HWC",21,200108,19-JUN-01,27-JUL-01,36.30183,49.802,-127.66067,-122.012,"USA","2001 West Coast Hake Acoustic Survey",25
1063015,"BS",88,200101,31-MAY-01,19-JUL-01,54.99483,62.67223,-177.186,-159.1252,"USA","2001 Eastern Bering Sea Groundfish/Crab Survey",26
1063016,"BS",89,200101,29-MAY-01,19-JUL-01,54.66772,62.67266,-178.1545,-157.96449,"USA","2001 Eastern Bering Sea Groundfish/Crab Survey",27
1077055,"HG",21,200109,09-AUG-01,31-AUG-01,56.70167,57.75317,-153.10367,-151.41017,"USA","2001 Eastern Kodiak acoustic survey",28
1077655,"GOA",57,200101,20-MAY-01,23-JUL-01,52.59868,59.93908,-169.3605,-147.1147,"USA","2001 Gulf of Alaska Groundfish Survey",29
1077656,"GOA",94,200101,20-MAY-01,21-JUL-01,52.63683,59.94186,-169.7827,-146.9657,"USA","2001 Gulf of Alaska Groundfish Survey",30
1090095,"WC",149,200101,08-JUN-01,25-AUG-01,34.54436,49.09702,-126.9308,-120.7032,"USA","2001 West Coast Groundfish Survey",31
1090096,"WC",143,200102,08-JUN-01,03-AUG-01,34.7572,48.40108,-125.172,-120.747,"USA","2001 West Coast Groundfish Survey",32
1105295,"HG",21,200202,11-FEB-02,13-FEB-02,55.17467,55.58267,-160.43633,-160.23833,"USA","2002 Shumagin Hydro-acoustic Survey",33
1105335,"HBS",21,200203,22-FEB-02,10-MAR-02,53.02767,55.9505,-169.4245,-162.4115,"USA","2002 Shelf and Bogosloff Acoustic Survey",34
43,"BS",763,198001,20-SEP-80,11-JAN-81,54.74,62.47667,-158.48833,-178.79,"USSR","USSOV COOP",35
44,"BS",783,198302,15-JUN-83,19-AUG-83,54.66167,61.98333,-158.37333,-178.96,"USSR","USSOV COOP",36
45,"BS",784,198201,07-JUN-82,27-AUG-82,55.78667,65,-163.91667,170.83333,"USSR","USSOV COOP",37
46,"BS",793,198401,11-JAN-84,18-FEB-84,54.545,61.71333,-160.28167,-178.96333,"USSR","USSOV COOP",38
47,"BS",793,198402,28-FEB-84,13-MAY-84,53.90833,59.245,-158.33,-177.61667,"USSR","USSOV COOP",39
48,"HBS",786,198901,10-MAR-89,01-APR-89,52.99167,59.08333,-162.51667,-178.36667,"USSR","COOP HY/AC",40
49,"BS",786,198902,21-MAY-89,03-JUL-89,54.81,61.66667,-158.34333,-177.875,"USSR","USSOV COOP",41
50,"BS",790,198801,17-MAY-88,21-JUN-88,54.73333,61.66667,-158.31667,-177.96,"USSR","USSOV COOP",42
51,"BS",793,199103,11-MAY-91,25-JUN-91,55.00717,63.33733,-158.31533,163.88617,"USSR","USSOV COOP",43
52,"BS",515,198201,11-JUL-82,09-NOV-82,54.0805,62.61383,-165.40933,-179.63267,"JAPAN","USJPNCOOP",44
53,"BS",518,198701,17-MAY-87,12-SEP-87,51.31667,59.59667,-133.92167,172.85667,"JAPAN","USJPN COOP",45
54,"HBS",522,198801,19-AUG-88,11-OCT-88,52.48217,58.51883,-167.5465,173.9775,"USA/JAPAN","CO-OP HY/A",46
55,"HBS",530,199001,21-JUL-90,26-SEP-90,53.00167,62.395,-165.475,172.99833,"USA/JAPAN","CO-OP HY/A",47
56,"HBS",553,198801,09-DEC-88,31-DEC-88,53.10167,56.9355,-176.87233,174.77883,"USA/JAPAN","HYD/AC PLK",48
57,"HBS",553,198901,02-JAN-89,26-FEB-89,52.48333,56.46333,-168.22,-178.635,"USA/JAPAN","HYD/AC PLK",49
58,"BS",553,199001,28-JAN-90,05-FEB-90,55.64833,56.42833,-176.42667,-177.785,"JAPAN","MD/WT POLL",50
59,"BS",556,198501,24-MAY-85,07-SEP-85,54.184,59.98383,-165.41633,-179.0915,"JAPAN","USJPN COOP",51
60,"BS",562,198801,05-SEP-88,15-SEP-88,54.495,58.665,-166.06667,-177.86333,"USA/JAPAN","COMP GRFSH",52
61,"BS",620,196501,12-JUN-65,27-AUG-65,54.75,59.25,-158.5,-169.25,"USA/CANADA","IPHC HALIB",53
62,"BS",620,197301,18-JUN-73,29-JUN-73,54.66667,58,-159.31667,-165,"USA/CANADA","IPHC HALIB",54
63,"BS",620,197401,02-JUN-74,10-JUN-74,54.65,58.03333,-159.3,-165,"USA/CANADA","IPHC HALIB",55
64,"BS",620,197501,02-JUN-75,14-JUN-75,54.51667,57.71667,-160.55,-166,"USA/CANADA","IPHC HALIB",56
65,"BS",620,197601,04-JUN-76,19-JUN-76,54.16667,58.08333,-159.28333,-165.95,"USA/CANADA","IPHC HALIB",57
66,"BS",620,197701,06-JUN-77,19-JUN-77,54.53333,58.01667,-158.51667,-166.05,"USA/CANADA","IPHC HALIB",58
67,"BS",620,197801,06-JUN-78,22-JUN-78,54.5,58.21667,-158.53333,-166.28333,"USA/CANADA","IPHC HALIB",59
68,"BS",626,197001,31-MAY-70,29-JUN-70,54.73333,58.75,-159.25,-165.25,"USA/CANADA","IPHC HALIB",60
69,"BS",626,197101,06-JUN-71,09-AUG-71,54.21667,59.06667,-159.25,-174,"USA/CANADA","IPHC HALIB",61
70,"BS",627,197201,06-JUN-72,27-JUN-72,53.36667,58,-160,-167.83333,"USA/CANADA","IPHC HALIB",62
71,"BS",630,196301,19-MAY-63,12-AUG-63,54.5,58.5,-159,-168.75,"USA/CANADA","IPHC HALIB",63
72,"BS",630,196601,02-JUN-66,19-AUG-66,54.75,60,-158,-172,"USA/CANADA","IPHC HALIB",64
73,"BS",631,196701,31-MAY-67,29-JUL-67,54.75,62.5,-158.75,-170,"USA/CANADA","IPHC HALIB",65
74,"BS",631,196801,01-JUN-68,10-JUL-68,54.68333,61,-159.25,-174,"USA/CANADA","IPHC HALIB",66
75,"BS",632,196901,01-JUN-69,25-JUN-69,54.58333,58.75,-158.75,-165.25,"USA/CANADA","IPHC HALIB",67
76,"BS",758,199001,22-MAY-90,12-JUL-90,54.6835,64.98633,-158.31517,170.54117,"USSR","USSOV COOP",68
77,"BS",1,198103,22-MAY-81,03-AUG-81,54.68933,61.63333,-160.9125,-179.06767,"USA","CRAB/GRFSH",69
78,"HBS",1,198201,22-APR-82,06-MAY-82,54.71333,56.78833,-164.21,-171.02,"USA","HYD/AC PLK",70
79,"BS",1,198202,11-MAY-82,28-MAY-82,55.462,57.81167,-160.52333,-166.38333,"USA","GEAR  MENS",71
80,"BS",1,198203,29-MAY-82,11-JUL-82,55.00333,60.66483,-158.31667,-174.14067,"USA","CRAB/GRFSH",72
81,"HBS",1,198204,08-AUG-82,31-AUG-82,56.26167,59.51333,-161.46833,-171.1,"USA","HYD/A PLK",73
82,"BS",1,198205,11-SEP-82,18-SEP-82,55.45283,56.38617,-163.19933,-166.00533,"USA","OCEANFRONT",74
83,"BS",1,198206,22-SEP-82,03-OCT-82,53.70167,56.21833,-162.75667,-167.23667,"USA","PLKCOD/TAG",75
84,"BS",1,198303,08-JUN-83,06-AUG-83,55.0015,61.003,-159.5405,-176.795,"USA","CRAB/GRFSH",76
85,"BS",1,198402,09-JUN-84,26-AUG-84,54.98133,61.01367,-158.31417,-178.1815,"USA","CRAB/GRFSH",77
86,"BS",2,195901,06-AUG-59,30-AUG-59,65.33333,69.28333,-163.8,-168.88333,"USA","CHUKCHI/NS",78
1282975,"HG",157,200501,02-JUL-05,28-JUL-05,52.962,58.2603,-167.9552,-148.6951,"USA","2005 Gulf of Alaska Acoustic Survey",661
1284054,"HBS",21,200608,09-JUN-06,23-JUL-06,54.1784,61.3666,-178.8635,-163.6346,"USA","2006 Eastern Bering Sea Acoustic Survey",702
1313194,"HG",21,200609,12-AUG-06,05-SEP-06,56.37765,57.78398,-153.13837,-150.91167,"USA","2006 Gulf of Alaska Acoustic Survey",802
1313822,"HG",21,200704,13-MAR-07,28-MAR-07,55.92339,58.20192,-156.42802,-152.26796,"USA","2007 Shelikof Acoustic Survey",803
1351218,"HG",21,200801,08-FEB-08,13-FEB-08,54.5307,55.5803,-162.6154,-158.8533,"USA","2008 Shumagin Acoustic Survey",889
1351294,"HBS",157,200809,05-JUN-08,28-JUL-08,54.4935,62.3079,-179.7762,179.958,"USA","2008 Eastern Bering Sea Acoustic Survey",890
1236188,"BS",154,200401,10-JUL-04,24-JUL-04,58.43847,63.01451,-178.3965,-171.3709,"USA","Bering Sea Fisheries Research Foundation Crab Survey",762
447,"TAG",54,197601,25-SEP-76,25-SEP-76,45.5,45.56667,-124.61667,-124.63333,"USA","TAGGING",432
448,"TAG",55,197901,10-JUN-79,21-AUG-79,55.09667,58.51833,-131.30333,-135.49167,"USA","TAGGING",433
449,"TAG",55,197902,27-NOV-79,10-DEC-79,55.475,55.78333,-131.72,-131.79,"USA","TAGGING",434
450,"TAG",55,198001,29-MAY-80,04-JUN-80,55.505,55.78333,-131.67167,-131.76667,"USA","TAGGING",435
451,"TAG",56,198102,03-JUN-81,09-JUN-81,55.50333,55.75,-131.73667,-131.855,"USA","TAGGING",436
452,"TAG",56,198103,12-JUN-81,12-JUN-81,56.66667,56.66667,-134.5,-134.5,"USA","TAGGING",437
453,"TAG",56,198301,08-MAR-83,17-MAR-83,55.35333,55.79,-131.725,-132.105,"USA","TAGGING",438
454,"TAG",58,198401,14-AUG-84,14-AUG-84,57.635,57.635,-153.98333,-153.98333,"USA","TAGGING",439
455,"WC",59,198501,03-APR-85,28-MAY-85,44.63933,48.38283,-124.24417,-125.76083,"USA","POPSURVEY",440
456,"WC",63,198501,16-AUG-85,17-SEP-85,43.4385,48.355,-124.37217,-125.86883,"USA","BKCODINDEX",441
457,"TAG",67,198401,08-JUL-84,17-JUL-84,52.46667,52.46667,-172.5,-172.5,"USA","TAGGING",442
458,"WC",68,198601,23-SEP-86,31-OCT-86,32.37033,42.2815,-118.88383,-125.01,"USA","BKCODINDEX",443
459,"WC",68,198701,22-AUG-87,18-SEP-87,43.40733,48.1945,-124.37583,-126.121,"USA","BKCODINDEX",444
460,"WC",68,198801,22-OCT-88,25-NOV-88,32.3695,42.27517,-118.80183,-124.88483,"USA","BKCODINDEX",445
461,"WC",73,198901,16-JUL-89,12-SEP-89,34.56317,48.4245,-120.67567,-125.85767,"USA","89 HAKE/RF",446
462,"WC",73,198902,15-SEP-89,03-OCT-89,44.11233,45.21067,-124.374,-125.123,"USA","GRFSHSLOPE",447
463,"WC",80,198901,24-APR-89,05-JUN-89,47.15383,48.9755,-122.29767,-123.68117,"USA","WDF PUGET",448
464,"WC",80,199101,06-MAY-91,31-MAY-91,47.15583,48.9745,-122.29467,-123.12883,"USA","WDF CO-OP",449
465,"WC",83,199201,13-JUL-92,03-OCT-92,34.57017,49.421,-120.70433,-127.23033,"USA","92 HAKE/RF",450
466,"TAG",400,197701,09-JUL-77,18-JUL-77,52.59167,53.05833,-132,-132.7,"CANADA","TAGGING",451
467,"TAG",401,197801,19-MAY-78,01-JUL-78,50.01333,53.31667,-127.85667,-132.96167,"CANADA","TAGGING",452
468,"TAG",401,197901,02-MAY-79,14-JUN-79,48.55167,53.65167,-126.21667,-133.25833,"CANADA","TAGGING",453
469,"TAG",401,198101,12-JUN-81,25-JUN-81,52.485,53.28,-131.82,-132.92,"CANADA","TAGGING",454
470,"TAG",405,198001,19-MAR-80,29-MAR-80,50.18667,50.54167,-128.14,-128.63167,"CANADA","TAGGING",455
471,"TAG",413,198001,28-JAN-80,27-MAR-80,51.215,53.90333,-129.75,-133.59333,"CANADA","TAGGING",456
472,"TAG",415,198001,05-MAY-80,15-MAY-80,52.18,53.41,-127.86,-129.19833,"CANADA","TAGGING",457
473,"TAG",423,197901,01-NOV-79,13-DEC-79,49.2,53.76667,-123.95,-130.85,"CANADA","TAGGING",458
474,"TAG",426,198001,23-SEP-80,04-OCT-80,51.35333,53.79,-128.575,-130.845,"CANADA","TAGGING",459
475,"TAG",427,198001,13-NOV-80,13-NOV-80,48.63333,48.63333,-126.31667,-126.31667,"CANADA","TAGGING",460
476,"TAG",432,198101,25-NOV-81,29-NOV-81,52.92333,53.32167,-132.43667,-132.87333,"CANADA","TAGGING",461
477,"TAG",432,198201,22-OCT-82,04-NOV-82,50.33167,53.26833,-128.37,-132.78167,"CANADA","TAGGING",462
478,"TAG",435,198101,15-MAR-81,27-MAR-81,52.57,53.25333,-131.95667,-132.82833,"CANADA","TAGGING",463
479,"TAG",438,198001,29-JUN-80,09-JUL-80,52.92167,54.55167,-132.44167,-133.87333,"CANADA","TAGGING",464
480,"TAG",457,197901,13-AUG-79,24-AUG-79,52.62667,52.68167,-132.05833,-132.215,"CANADA","TAGGING",465
481,"TAG",462,197901,01-OCT-79,15-OCT-79,51.10833,53.725,-128.36833,-130.84667,"CANADA","TAGGING",466
482,"TAG",474,198001,23-FEB-80,20-MAR-80,49.16667,49.21667,-123.7,-123.95,"CANADA","TAGGING",467
483,"TAG",483,197901,14-NOV-79,14-NOV-79,53.66667,53.66667,-130.71667,-130.71667,"CANADA","TAGGING",468
484,"TAG",498,197701,05-SEP-77,24-SEP-77,48.10667,49.875,-125.65,-127.89167,"CANADA","TAGGING",469
485,"TAG",516,198001,05-JUN-80,24-AUG-80,51.3,59.56667,-133.96667,172.83333,"JAPAN","TAGGING",470
486,"TAG",516,198501,16-MAY-85,11-SEP-85,51.32833,59.595,-133.925,172.82833,"JAPAN","TAGGING",471
487,"TAG",516,198601,16-MAY-86,12-SEP-86,51.32333,59.59167,-133.91667,172.87333,"JAPAN","TAGGING",472
488,"TAG",517,198301,04-JUN-83,21-SEP-83,51.28333,59.61667,-133.91667,172.73333,"JAPAN","TAGGING",473
489,"TAG",518,198101,06-JUN-81,23-AUG-81,51.3,59.56667,-133.91667,172.71667,"JAPAN","TAGGING",474
490,"TAG",518,198701,17-MAY-87,12-SEP-87,51.31667,59.59667,-133.92167,172.85667,"JAPAN","TAGGING",475
491,"TAG",518,199101,05-MAY-91,04-SEP-91,51.29333,60.8,-133.92333,172.85333,"JAPAN","TAGGING",476
492,"TAG",523,198901,16-MAY-89,12-SEP-89,51.41,59.59833,-133.91667,172.83333,"JAPAN","TAGGING",477
493,"TAG",524,199001,05-MAY-90,06-SEP-90,51.32833,60.8,-133.92833,172.86667,"USA/JAPAN","TAGGING",478
494,"TAG",550,197801,15-JUL-78,16-AUG-78,52.64667,59.58333,-133.955,-169.00333,"JAPAN","TAGGING",479
495,"TAG",551,197901,24-MAY-79,08-AUG-79,51.26667,59.56667,-133.98333,177.03333,"JAPAN","TAGGING",480
496,"TAG",551,198201,20-MAY-82,11-SEP-82,51.28333,59.56667,-133.91667,172.73333,"JAPAN","TAGGING",481
497,"TAG",551,198401,15-MAY-84,10-SEP-84,51.28833,59.55833,-133.93333,172.74167,"JAPAN","TAGGING",482
498,"TAG",561,198801,04-JAN-88,17-SEP-88,51.32667,59.59333,-133.91667,172.87333,"JAPAN","TAGGING",483
499,"WC",620,197502,04-SEP-75,12-OCT-75,41.75,49.51667,-124.05,-127.2,"USA","PACIFHAKE",484
500,"WC",620,197702,30-AUG-77,21-SEP-77,45.38333,46.31667,-124.13333,-124.76667,"USA","77 HAKE/RF",485
501,"TAG",632,197201,31-AUG-72,16-SEP-72,45.31667,45.36667,-124.38333,-124.51667,"USA","TAGGING",486
502,"TAG",633,198001,07-JAN-80,17-JAN-80,55.125,56.70833,-134.60833,-135.74167,"USA","TAGGING",487
503,"TAG",633,198002,24-JAN-80,01-FEB-80,56.18333,56.7,-134.89667,-135.725,"USA","TAGGING",488
504,"TAG",633,198003,10-FEB-80,18-FEB-80,56.55,57.91667,-135.66667,-137.46667,"USA","TAGGING",489
505,"HWC",723,197702,15-AUG-77,15-SEP-77,39.06667,48.21667,-123.78333,-126.23333,"POLAND","HK/RFH/A",490
506,"TAG",760,197201,31-JUL-72,20-OCT-72,38.3,47.96667,-123.16667,-125.2,"USSR","TAGGING",491
507,"TAG",760,197202,15-NOV-72,20-NOV-72,43.56667,48.06667,-124.36667,-125.8,"USSR","TAGGING",492
508,"TAG",760,197401,21-SEP-74,24-OCT-74,37.06667,47.25,-122.51667,-124.88333,"USSR","TAGGING",493
509,"TAG",760,197501,04-OCT-75,07-NOV-75,38.41667,46.8,-123.55,-124.86667,"USSR","TAGGING",494
510,"TAG",761,197307,26-JUL-73,31-JUL-73,41.6,45.9,-124.36667,-124.63333,"USSR","TAGGING",495
511,"TAG",761,197308,22-AUG-73,06-SEP-73,41.93333,47.7,-124.4,-125.08333,"USSR","TAGGING",496
512,"TAG",762,197301,13-JUN-73,18-JUN-73,43.58333,47.18333,-124.45,-124.95,"USSR","TAGGING",497
513,"TAG",763,197501,21-JAN-75,05-FEB-75,37.16667,43.45,-122.91667,-124.8,"USSR","TAGGING",498
514,"WC",764,198401,20-APR-84,03-MAY-84,43.09,45.96,-124.17667,-124.99167,"USA/USSR","COOP SLOPE",499
515,"TAG",766,197501,04-NOV-75,04-NOV-75,44.65167,44.65167,-124.6,-124.6,"KOREA","TAGGING",500
516,"TAG",766,197801,24-JUL-78,09-OCT-78,53.6,58.85,-148.03333,-164.83333,"KOREA","TAGGING",501
517,"TAG",766,198001,14-JUN-80,04-DEC-80,54,58.93333,-140.21667,-166.66667,"KOREA","TAGGING",502
518,"TAG",766,198002,03-JUL-80,03-SEP-80,53.95,58.93333,-140.73333,-162.83333,"KOREA","TAGGING",503
519,"TAG",767,198101,06-OCT-81,20-DEC-81,52.61667,56.43333,-152.25,-171.56667,"KOREA","TAGGING",504
520,"TAG",780,197501,26-MAY-75,08-JUL-75,49.33333,59,-127.25,-141,"KOREA","TAGGING",505
521,"TAG",780,198101,22-APR-81,30-AUG-81,57.81667,59.41667,-145,-149.55,"KOREA","TAGGING",506
522,"WC",786,198501,23-MAY-85,09-JUN-85,45.79333,48.115,-124.31667,-125.71167,"USA/USSR","COOP SLOPE",507
771361,"TAG",518,199301,06-MAY-93,07-SEP-93,51.34333,60.8,-133.93667,172.85667,"JAPAN","TAGGING",508
771362,"TAG",518,199401,07-MAY-94,06-SEP-94,51.33833,60.69167,-133.935,172.86,"JAPAN","TAGGING",509
771363,"BS",88,199401,03-JUN-94,24-JUL-94,55.00817,62.00617,-159.56983,-176.9695,"USA","CRAB/GRFSH",510
771364,"BS",89,199401,03-JUN-94,01-AUG-94,54.6945,62.017,-158.31167,-178.17333,"USA","CRAB/GRFSH",511
783045,"GOA",21,199311,20-SEP-93,26-SEP-93,57.93233,58.05167,-152.4715,-152.71867,"USA","TRAWL SIDTH EFFECTS ON CATCHABILITY EXPERIMENT",512
784786,"GOA",60,199301,06-JUN-93,23-AUG-93,52.60617,60.3205,-144.573,-169.4415,"USA","GOA TRIENNIAL SURVEY",513
784787,"GOA",90,199301,05-JUN-93,05-AUG-93,52.418,59.69033,-149.54767,-169.54333,"USA","GOA TRIENNIAL SURVEY",514
784788,"GOA",92,199301,17-AUG-93,07-SEP-93,57.58467,60.27283,-144.51667,-152.66567,"USA","GOA TRIENNIAL SURVEY",515
116,"BS",21,198000,25-JAN-80,13-FEB-80,54.28333,59.66667,-165.78333,-178.08333,"USA","HERRING",516
115,"HBS",21,197903,10-JUN-79,22-JUL-79,52.33333,60.98333,-166.5,-178.65,"USA","HYD/AC PLK",517
174,"BS",507,197301,02-MAY-73,24-JUN-73,54.75,65.16667,-158.5,-179.5,"JAPAN","JFA SURVEY",518
229,"GOA",14,197102,17-APR-71,24-MAY-71,56.56667,57.3,-151.5,-153.48333,"USA","SHRMP KODK",519
281,"GOA",24,197801,27-JUL-78,21-SEP-78,54.11667,59.55,-131.83333,-155.05,"USA","RF SE&KODK",520
420,"WC",22,197602,07-AUG-76,28-SEP-76,36.26667,51.56667,-121.93333,-130.05,"USA","76RF PILOT",521
434,"WC",40,198301,14-JUL-83,29-SEP-83,36.75317,49.26133,-122.09433,-126.7855,"USA","83 HAKE/RF",522
798305,"WC",21,199409,19-OCT-94,12-NOV-94,44.6573,45.5672,-125.0695,-124.0465,"USA","SLOPE GEAR RESEARCH",523
802707,"GOA",79,198901,08-SEP-89,15-OCT-89,56.489,59.96083,-155.44667,-147.23867,"USA","CENTRAL GULF GROUNDFISH",524
827461,"AI",94,199401,03-JUN-94,05-AUG-94,51.13733,54.891,-165.3635,170.82567,"USA","ALEUTIAN ISLANDS TRIENNIAL",525
827462,"AI",95,199401,03-JUN-94,07-AUG-94,51.25283,54.68367,-165.25217,170.603,"USA","ALEUTIAN ISLANDS TRIENNIAL",526
837800,"BS",89,199501,04-JUN-95,02-AUG-95,54.74522,61.99842,-178.19072,-158.97446,"USA","CRAB/GRFSH",527
837799,"BS",88,199501,04-JUN-95,02-AUG-95,54.66183,62.00277,-177.62998,-158.32782,"USA","CRAB/GRFSH",528
839032,"WC",37,199502,13-SEP-95,23-SEP-95,47.1865,48.31367,-125.60133,-124.56833,"USA","WEST COAST FLATFISH ESCAPEMENT/VIDEO",529
852417,"WC",37,199501,25-JUN-95,06-SEP-95,37.2393,49.58965,-127.26182,-122.53085,"USA","1995 WEST COAST TRIENNIAL",530
852418,"WC",94,199501,08-JUN-95,31-JUL-95,34.55543,46.59663,-124.95913,-120.69535,"USA","1995 WEST COAST TRIENNIAL",531
852435,"HWC",21,199510,04-JUL-95,01-SEP-95,32.5333,54.9815,-133.978,-119.371,"USA","WEST COAST HYDRO-ACOUSTICS",532
852455,"WC",21,199512,28-OCT-95,20-NOV-95,40.52528,42.96227,-125.06697,-124.37685,"USA","SLOPE SURVEY 1995 EUREKA AREA",533
857287,"HBS",21,199505,03-APR-95,13-APR-95,54.2827,56.5352,-172.345,-163.723,"USA","BERING SEA HYDRO-ACOUSTICS",534
857464,"HBS",21,199502,26-FEB-95,08-MAR-95,52.49733,54.3975,-172.123,-165.865,"USA","BERING SEA HYDRO ACOUSTICS",535
857605,"HG",21,199602,17-FEB-96,24-FEB-96,55.3993,55.5763,-160.3123,-159.7363,"USA","1996 GULF OF ALASKA HYDRO-ACOUSTICS",536
857770,"HBS",21,199603,27-FEB-96,07-MAR-96,53.0645,54.4192,-169.9785,-165.9864,"USA","1996 BERING SEA HYDRO-ACOUSTICS",537
857783,"HG",21,199504,18-MAR-95,01-APR-95,55.7,58.5,-156.32,-153.85,"USA","GULF OF ALASKA HYDRO-ACOUSTICS",538
857992,"HG",21,199605,17-MAR-96,26-MAR-96,58.87283,58.56383,-156.4905,-153.37,"USA","SHELIKOF EIWT POLLOCK",539
858263,"HBS",21,199612,21-JUL-96,30-AUG-96,55.23917,62.4815,-178.686,-161.581,"USA","BERING SEA HYDRO-ACOUSTIC POLLOCK",540
858566,"BS",89,199601,08-JUN-96,28-JUL-96,54.82807,62.01917,-176.95697,-158.3195,"USA","CRAB/GRFSH",541
858565,"BS",88,199601,08-JUN-96,28-JUL-96,54.681,61.65785,-178.17317,-158.97503,"USA","CRAB/GRFSH",542
869365,"WC",21,199615,16-OCT-96,25-NOV-96,43.0938,48.12136,-126.0531,124.36646,"USA","SLOPE SURVEY",543
879596,"GOA",100,199602,05-JUL-96,10-JUL-96,58.46734,58.5175,-149.61249,-149.50359,"USA","Fish escapement study using bag trawl",544
880948,"HBS",21,199702,01-MAR-97,11-MAR-97,53.0117,54.41783,-169.54517,-165.72783,"USA","1997 BERING SEA HYDRO-ACOUSTICS",545
881075,"GOA",94,199601,22-MAY-96,30-JUL-96,52.61747,60.15573,-169.8494,-133.1629,"USA","GULF OF ALASKA TRIENNIAL SURVEY",546
881074,"GOA",23,199601,22-MAY-96,30-JUL-96,52.43821,60.18657,-169.6401,-132.9019,"USA","GULF OF ALASKA TRIENNIAL SURVEY",547
881076,"GOA",100,199601,22-MAY-96,30-JUL-96,52.63844,60.18685,-169.8153,-132.9532,"USA","GULF OF ALASKA TRIENNIAL SURVEY",548
899351,"BS",88,199701,07-JUN-97,26-JUL-97,54.8522,62.00488,-176.78548,-158.95428,"USA","CRAB/GRFSH",549
899352,"BS",89,199701,07-JUN-97,26-JUL-97,54.96498,67.97313,-178.17605,-158.31398,"USA","CRAB/GRFSH",550
910691,"HG",21,199501,15-FEB-95,20-FEB-95,54.795,55.76317,-160.5605,-158.701,"USA","HYDRO ACOUSTIC SHUMIGAN POLLOCK SURVEY",551
910761,"HBS",21,199708,18-JUL-97,04-SEP-97,54.6595,62.16733,-178.61583,-160.36333,"USA","BERING SEA HYDRO-ACOUSTIC POLLOCK SURVEY",552
911401,"HG",21,199703,15-MAR-97,25-MAR-97,56.1635,58.19667,-156.20317,-153.95433,"USA","1997 SHELIKOF ACOUSTIC POLLOCK SURVEY",553
911670,"HBS",21,199802,02-MAR-98,10-MAR-98,53.05467,54.57183,-169.35033,-166.00333,"USA","BOGOSLOF POLLOCK ACOUSTIC SURVEY",554
911888,"BS",89,199703,28-JUL-97,09-AUG-97,55.75573,58.69931,-176.8474,-161.61816,"USA","LIGHTS/ESCAPEMENT EXPERIMENT",555
912730,"WC",21,199711,24-OCT-97,24-NOV-97,34.47936,48.11956,-125.97498,-120.78149,"USA","SLOPE SURVEY",556
921046,"HG",21,199803,14-MAR-98,24-MAR-98,55.785,58.19333,-156.2245,-153.90883,"USA","SHELIKOF POLLOCK ACOUSTIC SURVEY",557
921326,"WC",23,199801,08-JUN-98,07-AUG-98,34.89325,49.255,-126.97593,-120.74508,"USA","1998 WEST COAST TRIENNIAL",558
929471,"WC",94,199802,08-JUN-98,07-AUG-98,34.52023,49.10537,-126.91205,-120.7137,"USA","1998 WEST COAST TRIENNIAL",559
936326,"HWC",21,199810,10-JUL-98,27-AUG-98,36.80733,51.6275,-130.386,-122.122,"USA","WEST COAST PACIFIC HAKE ACOUSTIC SURVEY",560
937212,"BS",88,199801,09-JUN-98,29-JUL-98,54.69332,61.66822,-176.76857,-158.31277,"USA","CRAB/GRFSH",561
937213,"BS",89,199801,09-JUN-98,29-JUL-98,54.83798,62.00203,-178.15442,-158.96658,"USA","CRAB/GRFSH",562
949793,"GOA",93,199801,07-AUG-98,19-AUG-98,57.59433,58.9545,-150.55333,-148.041,"USA","1998 ROCKFISH ADAPTIVE SAMPLING EXPERIMENT IN THE CENTRAL GULF",563
952492,"AI",23,199701,11-JUN-97,11-AUG-97,51.24741,54.52612,-165.5123,170.608,"USA","Aleutian Islands Triennial Survey",564
958199,"AI",94,199701,10-JUN-97,13-AUG-97,51.19485,54.89222,-165.2124,170.6437,"USA","Aleutian Islands Triennial Survey",565
964672,"HBS",21,199909,12-JUN-99,13-AUG-99,54.026,63.03183,-178.59667,-160.3835,"USA","POLLOCK ACOUSTIC TRAWL SURVEY OF THE EASTERN BERING SEA",566
965532,"BS",89,199901,23-MAY-99,20-JUL-99,54.67921,61.95892,-178.1574,-159.1182,"USA","1999 Bering Sea Bottom Trawl Survey",567
1193795,"HBS",21,200304,09-MAR-03,13-MAR-03,53.03853,53.70821,-169.1568,-167.4658,"USA","2003 Bogoslof Acoustic Survey",568
1225395,"BS",134,200401,06-JUN-04,08-AUG-04,54.20847,60.59806,-179.4809,-165.408,"USA","2004 Bering Sea Slope Survey",569
1235475,"HBS",21,200408,11-JUN-04,27-JUL-04,54.19502,62.4257,-179.88703,179.74904,"USA","2004 Eastern Bering Sea Acoustic Survey",570
1194115,"HG",21,200309,07-JUN-03,14-JUL-03,54.5976,60.80573,-160.3012,-146.33286,"USA","2003 Gulf of Alaska Acoustic Survey",571
1209735,"BS",88,200302,24-JUL-03,31-JUL-03,54.65416,56.32395,-168.282,-164.9162,"USA","Underbag Skate Experiment",572
1244095,"HBS",21,200503,08-MAR-05,13-MAR-05,53.0287,53.8939,-169.8882,-167.1945,"USA","2005 Bogoslof Acoustic Survey",576
1193835,"HG",21,200305,17-MAR-03,31-MAR-03,55.70645,59.52628,-156.3436,-141.19701,"USA","2003 Shelikof Acoustic Survey",577
1193695,"HG",21,200301,07-FEB-03,10-FEB-03,54.54808,55.67708,-162.66937,-159.05965,"USA","2003 Shumigan Pollock Acoustic Survey",578
1236675,"WC",57,200401,01-JUN-04,28-JUL-04,34.55677,48.42234,-125.65393,-120.70803,"USA","NWFSC West Coast Survey",579
1236676,"WC",94,200401,26-MAY-04,12-JUL-04,34.72958,48.09141,-125.3465,-120.73188,"USA","NWFSC West Coast Survey",580
1244375,"HG",21,200505,24-MAR-05,03-APR-05,55.8205,58.2284,-156.5105,-152.4724,"USA","2005 Shelikof Acoustic Survey",581
1195615,"BS",88,200401,05-JUN-04,24-JUL-04,54.83253,61.99951,-177.60851,-157.9955,"USA","2004 Bering Sea Shelf Survey",582
1195616,"BS",89,200401,05-JUN-04,25-JUL-04,54.65925,60.66883,-178.1601,-158.32651,"USA","2004 Bering Sea Shelf Survey",583
1236515,"HG",21,200403,26-MAR-04,01-APR-04,55.69471,58.16308,-156.32391,-154.05949,"USA","2004 Shelikof Acoustic Survey",584
1281675,"HG",21,200409,13-AUG-04,06-SEP-04,56.7474,57.7279,-153.1128,-151.3269,"USA","2004 Gulf of Alaska Acoustic Survey",641
1210975,"AI",147,200401,06-JUN-04,02-AUG-04,51.24701,54.47981,-165.58279,170.718,"USA","2004 Aleutian Island Survey",585
1210976,"AI",143,200401,06-JUN-04,02-AUG-04,51.19891,54.41293,-165.485,170.612,"USA","2004 Aleutian Island Survey",586
1244275,"HG",21,200501,12-FEB-05,16-FEB-05,54.4779,55.694,-162.9304,-159.2146,"USA","2005 Shumagin Islands Acoustic Survey",587
1105595,"WC",21,200112,12-OCT-01,08-NOV-01,34.40583,48.12498,-125.981,-120.7861,"USA","2001 West Coast Slope Survey -- Final",588
1115755,"HG",21,200204,14-MAR-02,25-MAR-02,55.57817,58.268,-156.36067,-152.54,"USA","2002 Shelikof Acoustic Survey",589
1116015,"BS",97,199501,07-JUN-95,24-JUN-95,55.53593,57.69847,-162.548,-159.31583,"USA","Crab Study ** Please see notes table **",590
1116355,"HBS",21,200208,10-JUN-02,28-JUL-02,54.15633,61.56383,-178.35083,-161.5675,"USA","2002 EBS Acoustic Summer Shelf Survey",591
1117115,"BS",89,200201,02-JUN-02,24-JUL-02,54.67159,62.00057,-177.8959,-158.3298,"USA","2002 Bering Sea Shelf Survey",592
1117116,"BS",88,200201,02-JUN-02,18-JUL-02,54.99831,61.33113,-178.1575,-157.968,"USA","2002 Bering Sea Shelf Survey",593
1129895,"BS",57,200202,05-JUN-02,29-JUL-02,54.20232,60.59889,-179.6859,-165.73511,"USA","2002 Bering Sea Slope Survey",594
1136795,"HG",21,200209,15-AUG-02,04-SEP-02,56.71983,57.77933,-153.16783,-151.21517,"USA","Eastern Kodiak Acoustic Survey",595
1137515,"AI",57,200201,26-MAY-02,04-JUN-02,52.34052,53.82133,-172.7455,-167.2823,"USA","Aleutian Island Groundfish Survey",596
1138955,"AI",143,200201,12-JUN-02,13-AUG-02,51.01304,53.31805,-169.4612,170.72301,"USA","Aleutian Island Groundfish Survey",597
1145916,"AI",94,200201,17-MAY-02,19-JUL-02,51.24673,54.4257,-165.5137,170.60809,"USA","Aleutian Island Groundfish Survey",598
1150975,"GOA",41,199701,20-OCT-97,27-OCT-97,57.08051,57.74824,-152.99091,-151.93578,"USA","NMFS ADFG Trawl Comparison Study",599
1151598,"GOA",132,199701,20-OCT-97,27-OCT-97,57.07249,57.7473,-152.98785,-151.93588,"USA","NMFS ADFG Trawl Comparison Study",600
1152415,"GOA",123,199701,21-OCT-97,23-OCT-97,57.07652,57.44413,-152.74629,-152.4222,"USA","ADFG Fishing Power Experiment",601
1152635,"BS",89,200301,02-JUN-03,22-JUL-03,54.83574,62.00316,-177.55721,-158.9789,"USA","2003 Eastern Bering Sea Shelf Survey",602
1159454,"BS",88,200301,02-JUN-03,22-JUL-03,54.65533,62.01183,-178.1859,-157.9695,"USA","2003 Eastern Bering Sea Shelf Survey",603
1166435,"BS",89,200302,24-JUL-03,28-JUL-03,55.01248,56.38651,-170.1924,-167.12869,"USA","Bering Sea Rockfish Exploration",604
1166835,"GOA",147,200301,25-MAY-03,30-JUL-03,52.65165,60.3009,-169.76511,-133.50681,"USA","Gulf of Alaska Biennial Survey",605
1173315,"GOA",134,200301,24-MAY-03,29-JUL-03,52.53645,59.95199,-169.688,-132.8916,"USA","Gulf of Alaska Biennial Survey",606
1180649,"GOA",143,200301,01-JUN-03,06-AUG-03,52.93178,60.14635,-168.19679,-133.29781,"USA","Gulf of Alaska Biennial Survey",607
1236155,"BS",88,200402,25-JUL-04,26-JUL-04,60.67002,62.32758,-171.7486,-170.0869,"USA","Crab Industry Survey",609
1283655,"HG",21,200604,15-MAR-06,26-MAR-06,55.8201,58.1584,-156.5324,-152.688,"USA","2006 Shelikof Acoustic Survey",701
1313034,"HG",21,200701,08-FEB-07,12-FEB-07,54.61561,55.67245,-162.96986,-159.07375,"USA","2007 Shumigan Hydro Acoustic Survey",782
1314098,"HBS",21,200703,03-MAR-07,07-MAR-07,53.01263,53.61759,-169.27664,-167.66297,"USA","2007 Bogoslof Acoustic Survey",804
1351938,"HG",157,200704,16-MAR-07,24-MAR-07,56.4044,58.21,-156.0617,-153.3809,"USA","2007 Shelikof Acoustic Survey",909
1352020,"HBS",157,200703,03-MAR-07,07-MAR-07,53.116,53.6026,-169.1554,-167.6792,"USA","2007 Bogoslof Acoustic Survey",910
1379898,"HG",157,200801,08-FEB-08,13-FEB-08,54.5398,55.5786,-162.6168,-158.8391,"USA","2008 Shumagin Acoustic Survey",929
1350458,"HG",157,200803,14-MAR-08,30-MAR-08,55.8153,59.2648,-156.5302,-146.255,"USA","2008 Shelikof Acoustic Survey",849
1379977,"HBS",157,200606,06-JUL-06,12-JUL-06,59.10833,61.26262,-176.6539,-174.62117,"USA","2006 Eastern Bering Sea IVC Acoustic Survey",930
1283335,"HG",21,200601,15-FEB-06,19-FEB-06,54.46,55.5838,-163.1057,-158.6398,"USA","2006 Shumigan Hydroacoustic Survey",681
1283460,"HBS",21,200603,05-MAR-06,09-MAR-06,52.9776,53.8985,-169.4121,-167.2163,"USA","2006 Bogoslof Hydroacoustic Survey",682
1314178,"HBS",157,200707,04-JUN-07,27-JUL-07,54.5819,61.9243,-179.1865,179.7043,"USA","2007 Eastern Bering Sea Acoustic Survey",824
1388738,"HG",157,200904,20-MAR-09,31-MAR-09,55.6177,58.0317,-156.0317,-152.3385,"USA","2009 Shelikof Acoustic Survey",1009
1450338,"HG",157,200912,03-OCT-09,13-OCT-09,55.9333,56.1,-153.6133,-154.125,"USA","Rockfish Untrawlable Survey - Acoustic Data ONLY",1149
1388678,"HG",157,200901,15-FEB-09,19-FEB-09,53.8947,55.5782,-163.4509,-158.618,"USA","2009 Shumagin Acoustic Survey",989
1388618,"HBS",157,200903,09-MAR-09,13-MAR-09,53.0104,53.5921,-169.3786,-167.7324,"USA","2009 Bogoslof Acoustic Survey",969
1403458,"GOA",21,200705,01-APR-07,06-APR-07,57.15253,59.17922,-150.40578,-146.02793,"USA","2007 GOA Mesopelagic Survey",1049
1403459,"GOA",21,200804,13-MAR-08,18-MAR-08,57.16465,59.39633,-150.4021,-145.72045,"USA","2008 GOA Mesopelagic Survey",1050
1449498,"HG",157,201001,23-FEB-10,08-MAR-10,54.4701,60.751,-162.9575,-146.8434,"USA","2010 Shumigans Acoustic Survey",1109
1403460,"HBS",157,200909,14-JUN-09,05-AUG-09,54.162,62.058,-179.9214,179.4852,"USA","2009 Eastern Bering Sea Acoustic Survey",1051
1449747,"HG",157,201002,19-MAR-10,27-MAR-10,55.7131,58.1979,-156.5189,-153.042,"USA","2010 Shelikof Acoustic Survey",1110
1493621,"HBS",157,201006,10-JUN-10,05-AUG-10,54.8508,62.2317,-179.9826,179.799,"USA","2010 Bering Sea Acoustic Survey",1210
1414142,"BS",60,198502,16-SEP-85,06-OCT-85,60.98383,64.68217,-161.46417,-174.5755,"USA","EBS TRIEN",1231
1414141,"BS",78,199102,17-AUG-91,30-AUG-91,61.34517,64.50367,-163.14833,-171.7665,"USA","EBS  TRIEN",1232
-608,"GOA",143,200501,21-MAY-05,02-AUG-05,52.55793,60.05,-169.7829,-132.6795,"USA","2005 Gulf of Alaska Bottom Trawl Survey",-608
-609,"GOA",147,200501,22-MAY-05,18-JUL-05,52.48169,60.17449,-169.726,-145.4471,"USA","2005 Gulf of Alaska Bottom Trawl Survey",-609
-610,"GOA",134,200501,23-MAY-05,04-AUG-05,52.66479,60.20874,-169.4389,-134.632,"USA","2005 Gulf of Alaska Bottom Trawl Survey",-610
-611,"BS",89,200501,03-JUN-05,22-JUL-05,54.99457,62.99125,-176.76041,-158.9787,"USA","2005 Eastern Bering Sea Bottom Trawl Survey",-611
-612,"BS",88,200501,03-JUN-05,22-JUL-05,54.67282,62.99346,-178.1562,-158.3165,"USA","2005 Eastern Bering Sea Bottom Trawl Survey",-612
-615,"BS",88,200601,02-JUN-06,24-JUL-06,54.66428,62.65316,-174.726,-158.32249,"USA","2006 Eastern Bering Sea Bottom Trawl Survey",-615
-616,"AI",143,200601,06-JUN-06,08-AUG-06,51.19913,54.41355,-179.96899,179.9673,"USA","2006 Aleutian Island Bottom Trawl Survey",-616
-617,"AI",147,200601,06-JUN-06,15-JUL-06,51.27439,54.37866,-179.159,179.3311,"USA","2006 Aleutian Island Bottom Trawl Survey",-617
-618,"BS",134,200601,01-JUN-06,25-JUL-06,54.98404,63.0001,-178.17999,-158.96719,"USA","2006 Eastern Bering Sea Bottom Trawl Survey",-618
-623,"GOA",147,200701,30-MAY-07,04-AUG-07,52.56464,60.00403,-169.9321,-132.8335,"USA","2007 Gulf of Alaska Bottom Trawl Survey",-623
-624,"GOA",143,200701,28-MAY-07,04-AUG-07,52.57219,60.29692,-169.90581,-133.5105,"USA","2007 Gulf of Alaska Bottom Trawl Survey",-624
-625,"GOA",94,200701,31-MAY-07,04-AUG-07,52.61168,59.67063,-169.4416,-133.4373,"USA","2007 Gulf of Alaska Bottom Trawl Survey",-625
-626,"BS",89,200701,09-JUN-07,30-JUL-07,54.66053,62.00076,-175.1498,-158.97121,"USA","2007 Eastern Bering Sea Bottom Trawl Survey",-626
-627,"BS",88,200701,08-JUN-07,28-JUL-07,54.83508,61.99196,-178.1602,-158.3231,"USA","2007 Eastern Bering Sea Bottom Trawl Survey",-627
-629,"BS",94,200801,06-JUN-08,06-AUG-08,54.26328,60.60577,-179.491,-165.41341,"USA","2008 Eastern Bering Sea Slope Survey",-629
-630,"BS",88,200801,04-JUN-08,25-JUL-08,54.99107,61.67654,-175.6685,-159.0096,"USA","2008 Eastern Bering Sea Bottom Trawl Survey",-630
-631,"BS",89,200801,03-JUN-08,24-JUL-08,54.68328,62.01044,-178.19679,-158.3297,"USA","2008 Eastern Bering Sea Bottom Trawl Survey",-631
-634,"BS",89,200901,01-JUN-09,29-JUL-09,54.97957,62.00484,-177.6259,-159.00011,"USA","2009 Eastern Bering Sea Bottom Trawl Survey",-634
-635,"BS",88,200901,01-JUN-09,30-JUL-09,54.68347,62.00888,-178.1759,-158.3197,"USA","2009 Eastern Bering Sea Bottom Trawl Survey",-635
-636,"GOA",143,200901,22-MAY-09,29-JUL-09,52.45967,60.19152,-169.9173,-133.3407,"USA","2009 Gulf of Alaska Bottom Trawl Survey",-636
-637,"GOA",94,200901,21-MAY-09,29-JUL-09,52.61855,59.73668,-169.8568,-133.1386,"USA","2009 Gulf of Alaska Bottom Trawl Survey",-637
-638,"GOA",159,200901,25-MAY-09,28-JUL-09,52.63975,60.03389,-169.3167,-132.8038,"USA","2009 Gulf of Alaska Bottom Trawl Survey",-638
-651,"GOA",143,200902,02-AUG-09,13-AUG-09,58.04478,59.7563,-146.51489,-138.37981,"USA","2009 Acoustic Trawl Rockfish Study",-651
-655,"AI",143,201001,09-JUN-10,10-AUG-10,51.24793,54.41358,-179.96882,179.86617,"USA","2010 Aleutian Island Bottom Trawl Survey",-655
-656,"AI",148,201001,09-JUN-10,11-AUG-10,51.1955,54.35873,-179.96137,179.95913,"USA","2010 Aleutian Island Bottom Trawl Survey",-656
-657,"BS",94,201001,03-JUN-10,20-JUL-10,54.27885,60.60875,-179.49085,-165.49793,"USA","2010 Eastern Bering Sea Slope Survey",-657
-658,"BS",89,201001,06-JUN-10,29-JUL-10,54.70643,59.6675,-177.57362,-158.32827,"USA","2010 Eastern Bering Sea Bottom Trawl Survey",-658
-659,"BS",162,201001,06-JUN-10,04-AUG-10,55.32223,62.0014,-178.22732,-159.03282,"USA","2010 Eastern Bering Sea Bottom Trawl Survey",-659
-660,"BS",162,201002,04-AUG-10,08-AUG-10,61.33037,63.34127,-175.27057,-172.12403,"USA","2010 Northern Bering Sea Bottom Trawl Survey (Loss of Sea Ice)",-660
-661,"BS",89,201002,30-JUL-10,08-AUG-10,60.65348,63.3081,-172.40093,-166.67373,"USA","2010 Northern Bering Sea Bottom Trawl Survey (Loss of Sea Ice)",-661
-662,"BS",94,201002,23-JUL-10,10-AUG-10,60.66808,65.37537,-172.71473,-161.52122,"USA","2010 Northern Bering Sea Bottom Trawl Survey (Loss of Sea Ice)",-662
-663,"BS",89,201101,04-JUN-11,01-AUG-11,54.69668,62.00717,-178.15503,-159.01785,"USA","2011 Eastern Bering Sea Bottom Trawl Survey",-663
-664,"BS",162,201101,04-JUN-11,30-JUL-11,54.6639,61.01002,-176.81427,-158.31817,"USA","2011 Eastern Bering Sea Bottom Trawl Survey",-664
-667,"GOA",143,201101,22-MAY-11,06-AUG-11,52.4613,60.30118,-169.86818,-132.87635,"USA","2011 Gulf of Alaska Bottom Trawl Survey",-667
-668,"GOA",148,201101,22-MAY-11,14-AUG-11,52.5378,59.84572,-169.96897,-133.10433,"USA","2011 Gulf of Alaska Bottom Trawl Survey",-668
-676,"AI",143,201201,08-JUN-12,11-AUG-12,51.25573,54.4881,-179.94397,179.93945,"USA","2012 Aleutian Island Bottom Trawl Survey",-676
-677,"AI",148,201201,09-JUN-12,06-AUG-12,51.24792,54.37013,-179.96937,179.91068,"USA","2012 Aleutian Island Bottom Trawl Survey",-677
-678,"BS",89,201201,04-JUN-12,25-JUL-12,54.9931,61.99998,-178.17307,-159.55865,"USA","2012 Eastern Bering Sea Bottom Trawl Survey",-678
-679,"BS",162,201201,04-JUN-12,02-AUG-12,54.66435,62.00187,-177.44912,-158.31823,"USA","2012 Eastern Bering Sea Bottom Trawl Survey",-679
-680,"BS",94,201201,08-JUN-12,25-JUL-12,54.26365,60.60923,-179.49565,-165.42688,"USA","2012 Eastern Bering Sea Slope Survey",-680
-681,"BS",162,201202,14-AUG-12,18-SEP-12,65.99753,73.04425,-168.59165,-157.18862,"USA","2012 Chukchi Sea Trawl Survey",-681
-682,"BS",89,201301,08-JUN-13,05-AUG-13,54.66578,62.00093,-178.19002,-158.97341,"USA","2013 Eastern Bering Sea Bottom Trawl Survey",-682
-683,"BS",162,201301,08-JUN-13,05-AUG-13,54.84012,61.66661,-176.44318,-158.3154,"USA","2013 Eastern Bering Sea Bottom Trawl Survey",-683
-686,"GOA",143,201301,29-MAY-13,04-AUG-13,52.55796,60.19823,-169.81916,-132.98436,"USA","2013 Gulf of Alaska Bottom Trawl Survey",-686
-687,"GOA",176,201301,29-MAY-13,04-AUG-13,52.6007,59.9674,-169.67072,-133.15944,"USA","2013 Gulf of Alaska Bottom Trawl Survey",-687
-688,"BS",94,201401,07-JUN-14,02-AUG-14,54.98467,62.00545,-178.19445,-158.30857,"USA","2014 Eastern Bering Sea Bottom Trawl Survey",-688
-689,"BS",162,201401,07-JUN-14,04-AUG-14,54.68787,61.33549,-177.61978,-158.97425,"USA","2014 Eastern Bering Sea Bottom Trawl Survey",-689
-691,"AI",143,201401,11-JUN-14,08-AUG-14,51.24314,54.41248,-179.96382,179.91922,"USA","2014 Aleutian Island Bottom Trawl Survey",-691
-692,"AI",176,201401,11-JUN-14,07-AUG-14,51.25118,54.42203,-179.96978,179.95678,"USA","2014 Aleutian Island Bottom Trawl Survey",-692
-693,"AI",176,201402,12-AUG-14,13-AUG-14,53.66005,53.80017,166.94161,167.34287,"USA","2014 PNE Net Efficiency Studies-Herding",-693
-694,"AI",143,201402,15-JUL-14,15-JUL-14,51.95729,52.00184,178.21293,178.27409,"USA","2014 PNE Net Efficiency Studies-Herding",-694
-697,"BS",94,201501,02-JUN-15,31-JUL-15,54.69334,61.68091,-176.31237,-158.98267,"USA","2015 Eastern Bering Sea Bottom Trawl Survey",-697
-698,"BS",162,201501,01-JUN-15,29-JUL-15,54.83224,62.00251,-178.18242,-158.34245,"USA","2015 Eastern Bering Sea Bottom Trawl Survey",-698
-699,"GOA",143,201501,27-MAY-15,03-AUG-15,52.4063,60.29758,-169.92069,-132.90533,"USA","2015 Gulf of Alaska Bottom Trawl Survey",-699
-700,"GOA",176,201501,26-MAY-15,06-AUG-15,52.44557,59.87236,-169.92358,-133.20668,"USA","2015 Gulf of Alaska Bottom Trawl Survey",-700
-701,"GOA",178,201501,22-JUN-15,11-AUG-15,52.41715,59.70619,-169.99135,-133.86014,"USA","2015 Gulf of Alaska Bottom Trawl Survey",-701
-706,"BS",94,201601,30-MAY-16,26-JUL-16,54.83663,61.00045,-176.80789,-158.31579,"USA","2016 Eastern Bering Sea Bottom Trawl Survey",-706
-707,"BS",162,201601,30-MAY-16,26-JUL-16,54.69079,62.00338,-178.21515,-159.64225,"USA","2016 Eastern Bering Sea Bottom Trawl Survey",-707
-708,"BS",178,201601,16-JUN-16,09-AUG-16,54.2701,60.58248,-179.4826,-165.39767,"USA","2016 Eastern Bering Sea Slope Survey",-708
-709,"AI",143,201601,07-JUN-16,08-AUG-16,51.24798,54.41121,-179.92005,179.87682,"USA","2016 Aleutian Island Bottom Trawl Survey",-709
-710,"AI",176,201601,07-JUN-16,06-AUG-16,51.25646,54.47566,-179.91429,179.93998,"USA","2016 Aleutian Island Bottom Trawl Survey",-710
-711,"BS",162,201701,03-JUN-17,31-JUL-17,54.8329,61.98658,-178.14075,-159.01447,"USA","2017 Eastern Bering Sea Bottom Trawl Survey",-711
-712,"BS",94,201701,03-JUN-17,15-AUG-17,54.68654,62.00043,-176.79261,-158.33269,"USA","2017 Eastern Bering Sea Bottom Trawl Survey",-712
-715,"GOA",143,201701,27-MAY-17,06-AUG-17,52.44757,60.20687,-169.85154,-133.14219,"USA","2017 Gulf of Alaska Bottom Trawl Survey",-715
-716,"GOA",148,201701,30-MAY-17,05-AUG-17,52.44842,59.84758,-169.87912,-132.94529,"USA","2017 Gulf of Alaska Bottom Trawl Survey",-716
-717,"BS",94,201702,01-AUG-17,26-AUG-17,60.65017,64.66608,-173.08811,-161.52082,"USA","2017 Northern Bering Sea Bottom Trawl Survey (Loss of Sea Ice)",-717
-718,"BS",162,201702,01-AUG-17,02-SEP-17,60.6541,65.33807,-175.32548,-167.41451,"USA","2017 Northern Bering Sea Bottom Trawl Survey (Loss of Sea Ice)",-718
-720,"AI",143,201801,10-JUN-18,08-AUG-18,51.19535,54.47123,-179.92008,179.96042,"USA","2018 Aleutian Island Bottom Trawl Survey",-720
-721,"AI",148,201801,09-JUN-18,06-AUG-18,51.20334,54.41212,-179.96914,179.90926,"USA","2018 Aleutian Island Bottom Trawl Survey",-721
-722,"BS",94,201801,01-JUN-18,03-AUG-18,54.12923,63.25032,-178.13228,-158.27703,"USA","2018 Eastern Bering Sea Bottom Trawl Survey",-722
-723,"BS",162,201801,01-JUN-18,14-AUG-18,54.12842,65.25117,-177.5806,-158.96884,"USA","2018 Eastern Bering Sea Bottom Trawl Survey",-723
-726,"BS",94,201901,02-JUN-19,28-JUL-19,55.0235,61.99285,-177.38186,-158.98148,"USA","2019 Eastern Bering Sea Bottom Trawl Survey",-726
-727,"BS",162,201901,03-JUN-19,28-JUL-19,54.71069,61.99953,-178.67582,-158.31661,"USA","2019 Eastern Bering Sea Bottom Trawl Survey",-727
-728,"BS",94,201902,29-JUL-19,20-AUG-19,60.66506,64.34148,-173.09232,-161.52865,"USA","2019 Northern Bering Sea Bottom Trawl Survey (Loss of Sea Ice)",-728
-729,"BS",162,201902,28-JUL-19,20-AUG-19,60.67623,65.33323,-175.3341,-166.01553,"USA","2019 Northern Bering Sea Bottom Trawl Survey (Loss of Sea Ice)",-729
-730,"GOA",143,201901,24-MAY-19,01-AUG-19,52.62351,59.99573,-169.92472,-133.44197,"USA","2019 Gulf of Alaska Bottom Trawl Survey",-730
-731,"GOA",148,201901,23-MAY-19,31-JUL-19,52.44677,60.26888,-169.91108,-132.92977,"USA","2019 Gulf of Alaska Bottom Trawl Survey",-731
